Name,Email,Number,Most Bought,Most Searched,Churning,Review of Product
Noah,noah0@yahoo.com,+16385186344,Phone,Gaming laptop,No,"Average quality, expected better."
David,david1@hotmail.com,+19833202719,Shoes,Wireless headphones,Yes,Best purchase ever!
David,david2@gmail.com,+14565080226,Shoes,Wireless headphones,Yes,Great value for money!
Liam,liam3@outlook.com,+12253112575,Shoes,Running shoes,Yes,"Average quality, expected better."
Alice,alice4@hotmail.com,+16660557208,Watch,Smartwatch,Yes,Not worth the price.
Noah,noah5@gmail.com,+15151182458,Bag,Best phone,Yes,"Excellent product, highly recommend!"
Emma,emma6@yahoo.com,+16236855973,Watch,Running shoes,Yes,"Excellent product, highly recommend!"
David,david7@hotmail.com,+11706315759,Shoes,Best phone,Yes,Best purchase ever!
Charlie,charlie8@hotmail.com,+12373921333,Phone,Smartwatch,Yes,"Defective piece, had to return."
Sophia,sophia9@gmail.com,+11465887816,Watch,Running shoes,No,Not worth the price.
Noah,noah10@yahoo.com,+17101729746,Bag,Gaming laptop,No,"Excellent product, highly recommend!"
Emma,emma11@gmail.com,+12509327617,Headphones,Running shoes,No,"Defective piece, had to return."
Alice,alice12@gmail.com,+17542362693,Phone,Running shoes,Yes,Great value for money!
Charlie,charlie13@hotmail.com,+13561266335,Headphones,Running shoes,Yes,Great value for money!
Charlie,charlie14@yahoo.com,+12507446581,Phone,Gaming laptop,Yes,"Works perfectly, will buy again."
Sophia,sophia15@hotmail.com,+17288181576,Phone,Wireless headphones,No,"Average quality, expected better."
Bob,bob16@hotmail.com,+17450243898,Headphones,Gaming laptop,No,"Average quality, expected better."
Charlie,charlie17@yahoo.com,+19110182051,Laptop,Gaming laptop,Yes,"Good quality, but delivery was slow."
Alice,alice18@yahoo.com,+16607601676,Shoes,Smartwatch,No,"Average quality, expected better."
Charlie,charlie19@hotmail.com,+12703786121,Watch,Gaming laptop,Yes,"Defective piece, had to return."
Emma,emma20@outlook.com,+15046460962,Phone,Smartwatch,No,"Works perfectly, will buy again."
David,david21@gmail.com,+12658388853,Watch,Gaming laptop,Yes,"Works perfectly, will buy again."
Liam,liam22@outlook.com,+18584376865,Laptop,Smartwatch,Yes,"Excellent product, highly recommend!"
Emma,emma23@gmail.com,+14837750259,Phone,Wireless headphones,No,Not worth the price.
Bob,bob24@hotmail.com,+13793190240,Phone,Smartwatch,No,Not worth the price.
David,david25@outlook.com,+16154877877,Bag,Best phone,No,"Good quality, but delivery was slow."
Liam,liam26@gmail.com,+15448837146,Shoes,Gaming laptop,Yes,"Excellent product, highly recommend!"
Sophia,sophia27@outlook.com,+14846614099,Laptop,Wireless headphones,No,Best purchase ever!
Noah,noah28@outlook.com,+11775509130,Laptop,Running shoes,No,"Works perfectly, will buy again."
Noah,noah29@outlook.com,+12679782391,Bag,Gaming laptop,No,Best purchase ever!
Charlie,charlie30@outlook.com,+18927776440,Headphones,Smartwatch,No,Not worth the price.
Charlie,charlie31@yahoo.com,+19019956510,Bag,Running shoes,Yes,"Excellent product, highly recommend!"
Charlie,charlie32@outlook.com,+16671000116,Headphones,Wireless headphones,No,Not worth the price.
Sophia,sophia33@hotmail.com,+18861435136,Phone,Best phone,No,Best purchase ever!
Noah,noah34@gmail.com,+16541709118,Phone,Gaming laptop,No,"Excellent product, highly recommend!"
Alice,alice35@outlook.com,+12238648169,Headphones,Running shoes,No,Not worth the price.
Sophia,sophia36@yahoo.com,+19939380008,Watch,Gaming laptop,No,"Average quality, expected better."
Emma,emma37@yahoo.com,+19733528039,Bag,Running shoes,No,Not worth the price.
Alice,alice38@yahoo.com,+17218886480,Phone,Gaming laptop,Yes,"Excellent product, highly recommend!"
David,david39@outlook.com,+18401771510,Headphones,Wireless headphones,Yes,Best purchase ever!
Charlie,charlie40@yahoo.com,+11182856377,Headphones,Wireless headphones,Yes,"Excellent product, highly recommend!"
Bob,bob41@yahoo.com,+11650250528,Headphones,Smartwatch,Yes,"Works perfectly, will buy again."
Charlie,charlie42@hotmail.com,+19954503776,Shoes,Gaming laptop,Yes,"Excellent product, highly recommend!"
Liam,liam43@yahoo.com,+13411740878,Laptop,Gaming laptop,Yes,"Works perfectly, will buy again."
Liam,liam44@outlook.com,+17201434782,Phone,Best phone,Yes,"Excellent product, highly recommend!"
David,david45@hotmail.com,+18308555045,Bag,Best phone,Yes,"Average quality, expected better."
Alice,alice46@outlook.com,+14937024281,Laptop,Gaming laptop,Yes,"Defective piece, had to return."
Charlie,charlie47@gmail.com,+17740787283,Laptop,Running shoes,No,"Works perfectly, will buy again."
Noah,noah48@yahoo.com,+17885134355,Watch,Wireless headphones,No,"Good quality, but delivery was slow."
Noah,noah49@yahoo.com,+13426274048,Headphones,Smartwatch,No,"Average quality, expected better."
Bob,bob50@gmail.com,+14193250535,Watch,Running shoes,Yes,"Defective piece, had to return."
Bob,bob51@yahoo.com,+17184502003,Headphones,Smartwatch,Yes,"Works perfectly, will buy again."
Sophia,sophia52@outlook.com,+12595350873,Shoes,Smartwatch,No,Great value for money!
Noah,noah53@yahoo.com,+15135539545,Watch,Smartwatch,Yes,Not worth the price.
Noah,noah54@hotmail.com,+13805576544,Laptop,Running shoes,Yes,"Works perfectly, will buy again."
David,david55@hotmail.com,+18419838245,Laptop,Running shoes,No,"Works perfectly, will buy again."
Bob,bob56@gmail.com,+19271780735,Bag,Best phone,Yes,"Defective piece, had to return."
Sophia,sophia57@gmail.com,+12174478548,Shoes,Gaming laptop,No,"Good quality, but delivery was slow."
Liam,liam58@gmail.com,+11284892374,Watch,Wireless headphones,No,"Works perfectly, will buy again."
David,david59@gmail.com,+15066925319,Watch,Best phone,Yes,"Average quality, expected better."
Bob,bob60@gmail.com,+19058200631,Laptop,Gaming laptop,Yes,"Average quality, expected better."
David,david61@gmail.com,+15639034804,Watch,Wireless headphones,Yes,"Defective piece, had to return."
Sophia,sophia62@hotmail.com,+18127997368,Watch,Gaming laptop,No,"Average quality, expected better."
Emma,emma63@yahoo.com,+18602480138,Headphones,Gaming laptop,No,"Good quality, but delivery was slow."
David,david64@gmail.com,+19942999146,Phone,Best phone,Yes,"Good quality, but delivery was slow."
Sophia,sophia65@outlook.com,+14757197961,Laptop,Best phone,Yes,"Works perfectly, will buy again."
Bob,bob66@yahoo.com,+15149222640,Headphones,Gaming laptop,Yes,Not worth the price.
Bob,bob67@outlook.com,+18891651580,Laptop,Gaming laptop,No,"Works perfectly, will buy again."
David,david68@outlook.com,+15703065141,Shoes,Gaming laptop,No,"Works perfectly, will buy again."
Charlie,charlie69@hotmail.com,+17986783342,Bag,Gaming laptop,No,"Defective piece, had to return."
Emma,emma70@hotmail.com,+17735085736,Phone,Smartwatch,No,Not worth the price.
Bob,bob71@hotmail.com,+16605289223,Headphones,Wireless headphones,Yes,"Defective piece, had to return."
Emma,emma72@outlook.com,+13482834343,Phone,Best phone,Yes,"Excellent product, highly recommend!"
Sophia,sophia73@gmail.com,+16422023203,Laptop,Running shoes,No,Great value for money!
Noah,noah74@hotmail.com,+15889801838,Bag,Smartwatch,Yes,"Average quality, expected better."
Liam,liam75@hotmail.com,+14046310393,Headphones,Running shoes,Yes,Best purchase ever!
David,david76@gmail.com,+13840567582,Bag,Running shoes,Yes,"Good quality, but delivery was slow."
Noah,noah77@hotmail.com,+11766041618,Phone,Smartwatch,No,"Works perfectly, will buy again."
Noah,noah78@yahoo.com,+14964595276,Headphones,Gaming laptop,No,Not worth the price.
Noah,noah79@yahoo.com,+19768325004,Shoes,Wireless headphones,No,"Works perfectly, will buy again."
David,david80@hotmail.com,+12378275971,Shoes,Gaming laptop,Yes,"Average quality, expected better."
Charlie,charlie81@gmail.com,+18483719295,Headphones,Running shoes,Yes,Not worth the price.
Charlie,charlie82@outlook.com,+15085115919,Headphones,Best phone,No,Best purchase ever!
David,david83@outlook.com,+15726889953,Shoes,Running shoes,No,"Good quality, but delivery was slow."
Bob,bob84@gmail.com,+19338019473,Laptop,Gaming laptop,Yes,Not worth the price.
Liam,liam85@yahoo.com,+18780269094,Laptop,Wireless headphones,No,Great value for money!
Alice,alice86@outlook.com,+13018944659,Headphones,Running shoes,No,"Excellent product, highly recommend!"
Sophia,sophia87@outlook.com,+18563524964,Headphones,Running shoes,No,Great value for money!
Noah,noah88@yahoo.com,+12449501500,Phone,Best phone,No,"Defective piece, had to return."
David,david89@yahoo.com,+12582974804,Headphones,Best phone,Yes,"Works perfectly, will buy again."
Bob,bob90@outlook.com,+17159782940,Bag,Smartwatch,Yes,"Excellent product, highly recommend!"
Emma,emma91@hotmail.com,+19034403072,Watch,Smartwatch,Yes,Not worth the price.
Charlie,charlie92@gmail.com,+17248009099,Laptop,Best phone,Yes,"Defective piece, had to return."
Noah,noah93@yahoo.com,+16684395639,Headphones,Smartwatch,Yes,"Works perfectly, will buy again."
Emma,emma94@gmail.com,+19347556467,Phone,Smartwatch,Yes,"Average quality, expected better."
Sophia,sophia95@hotmail.com,+19633375425,Bag,Wireless headphones,Yes,"Defective piece, had to return."
Liam,liam96@hotmail.com,+11186099991,Phone,Wireless headphones,No,Great value for money!
Noah,noah97@hotmail.com,+13202449334,Watch,Gaming laptop,Yes,Great value for money!
David,david98@gmail.com,+15310921196,Bag,Smartwatch,No,"Average quality, expected better."
David,david99@outlook.com,+11006505627,Laptop,Best phone,Yes,Not worth the price.
Alice,alice100@hotmail.com,+11626412152,Shoes,Best phone,Yes,"Good quality, but delivery was slow."
Sophia,sophia101@gmail.com,+14809382659,Watch,Best phone,Yes,"Defective piece, had to return."
Bob,bob102@outlook.com,+16582045710,Shoes,Gaming laptop,No,"Good quality, but delivery was slow."
Bob,bob103@hotmail.com,+16522850300,Laptop,Smartwatch,Yes,Great value for money!
Noah,noah104@gmail.com,+12258258903,Headphones,Best phone,No,Best purchase ever!
Charlie,charlie105@hotmail.com,+19186990804,Shoes,Best phone,No,Great value for money!
Alice,alice106@yahoo.com,+12562367681,Bag,Wireless headphones,No,Not worth the price.
Sophia,sophia107@hotmail.com,+14506881973,Shoes,Running shoes,Yes,"Average quality, expected better."
Bob,bob108@gmail.com,+11538045108,Laptop,Running shoes,Yes,Best purchase ever!
Emma,emma109@yahoo.com,+13424759142,Headphones,Best phone,No,Not worth the price.
Alice,alice110@gmail.com,+14272943592,Watch,Wireless headphones,No,"Good quality, but delivery was slow."
Alice,alice111@outlook.com,+13096478310,Phone,Running shoes,Yes,"Good quality, but delivery was slow."
Liam,liam112@yahoo.com,+16249741215,Watch,Wireless headphones,No,"Good quality, but delivery was slow."
Noah,noah113@gmail.com,+19383482711,Bag,Wireless headphones,Yes,Great value for money!
Bob,bob114@gmail.com,+16833018881,Phone,Wireless headphones,No,"Defective piece, had to return."
Sophia,sophia115@yahoo.com,+13918387807,Watch,Smartwatch,Yes,"Excellent product, highly recommend!"
Charlie,charlie116@yahoo.com,+18897733101,Watch,Running shoes,Yes,"Excellent product, highly recommend!"
Charlie,charlie117@gmail.com,+16930995876,Phone,Best phone,Yes,"Good quality, but delivery was slow."
Noah,noah118@gmail.com,+12250000696,Shoes,Running shoes,No,"Excellent product, highly recommend!"
Bob,bob119@yahoo.com,+11893959997,Shoes,Best phone,No,Best purchase ever!
Bob,bob120@gmail.com,+13355248262,Bag,Gaming laptop,No,Not worth the price.
Liam,liam121@hotmail.com,+18012651840,Phone,Gaming laptop,Yes,Best purchase ever!
Noah,noah122@yahoo.com,+16317179385,Headphones,Best phone,No,"Works perfectly, will buy again."
Emma,emma123@hotmail.com,+11241397561,Shoes,Gaming laptop,No,"Good quality, but delivery was slow."
Charlie,charlie124@hotmail.com,+14294033475,Phone,Best phone,No,"Average quality, expected better."
Noah,noah125@gmail.com,+15671554463,Headphones,Running shoes,No,"Average quality, expected better."
Alice,alice126@gmail.com,+14595604227,Phone,Running shoes,Yes,"Works perfectly, will buy again."
Charlie,charlie127@outlook.com,+18113321088,Watch,Wireless headphones,Yes,Best purchase ever!
Liam,liam128@outlook.com,+16854984228,Watch,Smartwatch,No,"Works perfectly, will buy again."
Bob,bob129@outlook.com,+13439164910,Phone,Smartwatch,No,"Defective piece, had to return."
Bob,bob130@yahoo.com,+14966032041,Phone,Best phone,No,Great value for money!
Liam,liam131@outlook.com,+12671886486,Watch,Smartwatch,No,"Defective piece, had to return."
Bob,bob132@hotmail.com,+12264527327,Shoes,Gaming laptop,Yes,"Good quality, but delivery was slow."
Noah,noah133@yahoo.com,+19838025697,Laptop,Smartwatch,Yes,Best purchase ever!
Sophia,sophia134@hotmail.com,+18460993805,Phone,Running shoes,No,"Defective piece, had to return."
Liam,liam135@gmail.com,+11376641411,Headphones,Smartwatch,No,"Excellent product, highly recommend!"
Noah,noah136@outlook.com,+18684745283,Phone,Running shoes,Yes,"Average quality, expected better."
Liam,liam137@yahoo.com,+19795832948,Watch,Best phone,Yes,"Works perfectly, will buy again."
Liam,liam138@outlook.com,+11033734607,Headphones,Gaming laptop,Yes,"Average quality, expected better."
Bob,bob139@yahoo.com,+18017501899,Watch,Running shoes,No,"Defective piece, had to return."
Charlie,charlie140@hotmail.com,+15918215218,Laptop,Smartwatch,Yes,"Excellent product, highly recommend!"
Sophia,sophia141@yahoo.com,+19726402727,Headphones,Gaming laptop,Yes,"Defective piece, had to return."
Charlie,charlie142@hotmail.com,+13730804957,Laptop,Smartwatch,Yes,"Average quality, expected better."
Bob,bob143@yahoo.com,+14606692555,Headphones,Best phone,No,Not worth the price.
Charlie,charlie144@hotmail.com,+15204214009,Watch,Gaming laptop,Yes,"Works perfectly, will buy again."
Charlie,charlie145@hotmail.com,+14182484634,Shoes,Best phone,Yes,"Average quality, expected better."
Noah,noah146@outlook.com,+17719810894,Bag,Gaming laptop,Yes,Not worth the price.
Alice,alice147@hotmail.com,+17504426995,Phone,Best phone,Yes,"Average quality, expected better."
Emma,emma148@gmail.com,+19078267998,Shoes,Gaming laptop,No,Not worth the price.
Alice,alice149@yahoo.com,+11483783808,Headphones,Best phone,No,"Defective piece, had to return."
Bob,bob150@gmail.com,+19171885301,Laptop,Smartwatch,No,"Works perfectly, will buy again."
David,david151@hotmail.com,+11030705801,Headphones,Running shoes,No,"Good quality, but delivery was slow."
Noah,noah152@gmail.com,+15178033122,Watch,Running shoes,No,Not worth the price.
Alice,alice153@gmail.com,+19606161264,Phone,Best phone,No,Best purchase ever!
Charlie,charlie154@yahoo.com,+17763799619,Phone,Smartwatch,No,Best purchase ever!
David,david155@hotmail.com,+11159894754,Bag,Best phone,No,"Good quality, but delivery was slow."
David,david156@outlook.com,+13072302346,Watch,Best phone,No,"Average quality, expected better."
Alice,alice157@outlook.com,+19831107417,Laptop,Wireless headphones,Yes,"Average quality, expected better."
Liam,liam158@gmail.com,+12197540573,Phone,Wireless headphones,No,Great value for money!
David,david159@outlook.com,+12577198174,Headphones,Wireless headphones,No,"Works perfectly, will buy again."
Noah,noah160@hotmail.com,+12022722971,Bag,Gaming laptop,No,"Works perfectly, will buy again."
Noah,noah161@yahoo.com,+13504517226,Laptop,Smartwatch,Yes,"Defective piece, had to return."
Liam,liam162@gmail.com,+15036984398,Phone,Running shoes,Yes,"Defective piece, had to return."
David,david163@gmail.com,+17975541098,Bag,Best phone,Yes,Great value for money!
David,david164@gmail.com,+15110704707,Laptop,Smartwatch,Yes,"Defective piece, had to return."
Charlie,charlie165@hotmail.com,+18183466286,Phone,Running shoes,No,"Defective piece, had to return."
Alice,alice166@outlook.com,+14642625918,Phone,Best phone,Yes,"Average quality, expected better."
David,david167@hotmail.com,+18839364401,Bag,Wireless headphones,Yes,Not worth the price.
Noah,noah168@yahoo.com,+13549167506,Shoes,Gaming laptop,No,"Defective piece, had to return."
Noah,noah169@yahoo.com,+15130419088,Shoes,Wireless headphones,No,Best purchase ever!
Charlie,charlie170@yahoo.com,+15675861683,Shoes,Wireless headphones,Yes,Not worth the price.
David,david171@hotmail.com,+18953865488,Shoes,Running shoes,No,"Excellent product, highly recommend!"
David,david172@gmail.com,+11440049672,Headphones,Best phone,Yes,"Defective piece, had to return."
Noah,noah173@gmail.com,+16683431675,Bag,Wireless headphones,No,"Defective piece, had to return."
Alice,alice174@yahoo.com,+18985686296,Shoes,Gaming laptop,Yes,"Average quality, expected better."
David,david175@yahoo.com,+17778618924,Laptop,Best phone,No,Best purchase ever!
Charlie,charlie176@yahoo.com,+14173489958,Watch,Best phone,Yes,"Average quality, expected better."
Charlie,charlie177@gmail.com,+18933239502,Phone,Smartwatch,No,"Good quality, but delivery was slow."
Alice,alice178@yahoo.com,+19609057147,Bag,Gaming laptop,No,"Good quality, but delivery was slow."
David,david179@gmail.com,+16833032556,Watch,Gaming laptop,Yes,"Excellent product, highly recommend!"
Sophia,sophia180@gmail.com,+17612665212,Laptop,Wireless headphones,Yes,Not worth the price.
Bob,bob181@hotmail.com,+19257812567,Phone,Running shoes,Yes,"Excellent product, highly recommend!"
Alice,alice182@outlook.com,+18833376310,Phone,Running shoes,Yes,"Good quality, but delivery was slow."
Alice,alice183@outlook.com,+13143048150,Laptop,Running shoes,No,"Excellent product, highly recommend!"
Bob,bob184@hotmail.com,+15898952288,Headphones,Best phone,Yes,"Works perfectly, will buy again."
Sophia,sophia185@hotmail.com,+19486283318,Watch,Running shoes,Yes,"Works perfectly, will buy again."
Noah,noah186@outlook.com,+14770382462,Phone,Best phone,Yes,Best purchase ever!
Emma,emma187@yahoo.com,+17032394962,Shoes,Best phone,No,Not worth the price.
Sophia,sophia188@hotmail.com,+14319990295,Bag,Smartwatch,No,Great value for money!
Liam,liam189@hotmail.com,+11990241698,Bag,Gaming laptop,Yes,"Average quality, expected better."
David,david190@outlook.com,+17248528972,Phone,Wireless headphones,No,Great value for money!
Charlie,charlie191@outlook.com,+19888731008,Phone,Running shoes,Yes,"Excellent product, highly recommend!"
Noah,noah192@outlook.com,+11746763897,Phone,Smartwatch,Yes,"Works perfectly, will buy again."
Sophia,sophia193@gmail.com,+19139577894,Shoes,Best phone,Yes,"Works perfectly, will buy again."
Sophia,sophia194@hotmail.com,+16306882174,Watch,Smartwatch,Yes,Great value for money!
Liam,liam195@hotmail.com,+14101565005,Watch,Gaming laptop,Yes,"Excellent product, highly recommend!"
Liam,liam196@hotmail.com,+15750991650,Shoes,Running shoes,No,Best purchase ever!
Emma,emma197@gmail.com,+15375695756,Watch,Gaming laptop,Yes,Best purchase ever!
Charlie,charlie198@gmail.com,+14689566728,Phone,Gaming laptop,Yes,"Good quality, but delivery was slow."
Bob,bob199@gmail.com,+12720004948,Bag,Running shoes,No,"Good quality, but delivery was slow."
Emma,emma200@gmail.com,+11980508445,Phone,Wireless headphones,Yes,"Defective piece, had to return."
Bob,bob201@yahoo.com,+19541345737,Bag,Best phone,Yes,Great value for money!
Bob,bob202@hotmail.com,+19559316788,Shoes,Smartwatch,Yes,"Good quality, but delivery was slow."
Charlie,charlie203@outlook.com,+19531157534,Laptop,Gaming laptop,Yes,"Works perfectly, will buy again."
Alice,alice204@gmail.com,+17560886837,Bag,Best phone,Yes,"Good quality, but delivery was slow."
Bob,bob205@hotmail.com,+17017097093,Shoes,Best phone,No,"Average quality, expected better."
Charlie,charlie206@yahoo.com,+11641376763,Laptop,Running shoes,Yes,"Works perfectly, will buy again."
David,david207@hotmail.com,+11161081027,Phone,Best phone,Yes,Not worth the price.
David,david208@outlook.com,+19842092131,Phone,Wireless headphones,Yes,Best purchase ever!
Bob,bob209@gmail.com,+14022460783,Headphones,Gaming laptop,Yes,"Defective piece, had to return."
Sophia,sophia210@yahoo.com,+15670253144,Watch,Best phone,Yes,"Defective piece, had to return."
Sophia,sophia211@outlook.com,+19549922519,Shoes,Running shoes,Yes,"Defective piece, had to return."
David,david212@gmail.com,+15932888482,Shoes,Wireless headphones,No,"Works perfectly, will buy again."
Noah,noah213@gmail.com,+13996553978,Phone,Gaming laptop,Yes,"Works perfectly, will buy again."
Alice,alice214@gmail.com,+17201305588,Shoes,Running shoes,No,"Works perfectly, will buy again."
Sophia,sophia215@outlook.com,+17130214154,Phone,Smartwatch,Yes,Great value for money!
Sophia,sophia216@outlook.com,+19633506307,Phone,Gaming laptop,Yes,Great value for money!
Liam,liam217@yahoo.com,+11070054692,Bag,Best phone,Yes,"Excellent product, highly recommend!"
Emma,emma218@hotmail.com,+18949059193,Watch,Gaming laptop,Yes,Not worth the price.
David,david219@outlook.com,+11196181760,Bag,Best phone,No,Not worth the price.
Noah,noah220@hotmail.com,+12274836284,Laptop,Wireless headphones,Yes,Great value for money!
Charlie,charlie221@yahoo.com,+14468317645,Headphones,Gaming laptop,Yes,Not worth the price.
Alice,alice222@outlook.com,+12496302134,Shoes,Best phone,Yes,"Average quality, expected better."
Alice,alice223@hotmail.com,+13269018750,Watch,Running shoes,Yes,"Excellent product, highly recommend!"
David,david224@gmail.com,+18327195574,Phone,Smartwatch,No,"Excellent product, highly recommend!"
Emma,emma225@hotmail.com,+17363571864,Laptop,Smartwatch,Yes,"Defective piece, had to return."
David,david226@yahoo.com,+15621034483,Shoes,Running shoes,Yes,Great value for money!
Noah,noah227@hotmail.com,+16220815066,Headphones,Smartwatch,Yes,"Good quality, but delivery was slow."
Sophia,sophia228@yahoo.com,+18999610637,Laptop,Wireless headphones,No,Best purchase ever!
Noah,noah229@yahoo.com,+11034784042,Bag,Running shoes,No,"Excellent product, highly recommend!"
Liam,liam230@gmail.com,+15937860659,Shoes,Wireless headphones,Yes,"Defective piece, had to return."
Bob,bob231@outlook.com,+16396178272,Bag,Wireless headphones,No,Great value for money!
Emma,emma232@yahoo.com,+14272527368,Watch,Gaming laptop,No,"Defective piece, had to return."
Liam,liam233@outlook.com,+13354399576,Bag,Smartwatch,Yes,"Works perfectly, will buy again."
Liam,liam234@gmail.com,+19231961401,Headphones,Wireless headphones,No,Not worth the price.
Charlie,charlie235@gmail.com,+12923528705,Bag,Wireless headphones,Yes,"Excellent product, highly recommend!"
Emma,emma236@yahoo.com,+16349378562,Watch,Best phone,No,"Excellent product, highly recommend!"
Noah,noah237@outlook.com,+15391888315,Headphones,Smartwatch,Yes,Not worth the price.
Alice,alice238@outlook.com,+16543766343,Shoes,Smartwatch,No,"Works perfectly, will buy again."
Sophia,sophia239@gmail.com,+18656804250,Headphones,Gaming laptop,No,"Works perfectly, will buy again."
Emma,emma240@gmail.com,+16166104583,Bag,Wireless headphones,No,Great value for money!
Emma,emma241@hotmail.com,+19182066515,Laptop,Smartwatch,Yes,Best purchase ever!
Charlie,charlie242@hotmail.com,+17799666952,Bag,Wireless headphones,Yes,"Defective piece, had to return."
Alice,alice243@gmail.com,+15769952250,Shoes,Smartwatch,Yes,"Works perfectly, will buy again."
Sophia,sophia244@gmail.com,+14162630832,Watch,Best phone,No,"Excellent product, highly recommend!"
Liam,liam245@hotmail.com,+16471364773,Shoes,Running shoes,No,"Defective piece, had to return."
Emma,emma246@outlook.com,+13733689930,Headphones,Running shoes,Yes,"Good quality, but delivery was slow."
Alice,alice247@gmail.com,+17671592331,Bag,Best phone,No,"Defective piece, had to return."
Emma,emma248@gmail.com,+12691970127,Shoes,Best phone,No,Great value for money!
Emma,emma249@yahoo.com,+16264095829,Phone,Best phone,No,"Excellent product, highly recommend!"
Emma,emma250@outlook.com,+12506073435,Watch,Running shoes,Yes,"Works perfectly, will buy again."
Bob,bob251@outlook.com,+19008643260,Phone,Best phone,Yes,Not worth the price.
Charlie,charlie252@outlook.com,+16559541761,Watch,Gaming laptop,Yes,"Good quality, but delivery was slow."
Alice,alice253@yahoo.com,+16117500043,Headphones,Best phone,No,"Average quality, expected better."
Alice,alice254@outlook.com,+12893513840,Phone,Best phone,No,"Defective piece, had to return."
Alice,alice255@yahoo.com,+19318448854,Watch,Running shoes,No,Not worth the price.
Alice,alice256@gmail.com,+17545972191,Shoes,Wireless headphones,Yes,Not worth the price.
David,david257@yahoo.com,+17507839427,Headphones,Gaming laptop,No,"Works perfectly, will buy again."
Charlie,charlie258@outlook.com,+12175903829,Phone,Gaming laptop,Yes,"Works perfectly, will buy again."
Liam,liam259@outlook.com,+17669736822,Headphones,Best phone,Yes,Not worth the price.
Noah,noah260@hotmail.com,+17206594362,Headphones,Smartwatch,Yes,Best purchase ever!
David,david261@gmail.com,+14279065357,Phone,Running shoes,No,Best purchase ever!
Sophia,sophia262@yahoo.com,+19324376851,Bag,Wireless headphones,Yes,"Good quality, but delivery was slow."
Alice,alice263@yahoo.com,+12362538609,Watch,Running shoes,Yes,"Average quality, expected better."
Charlie,charlie264@yahoo.com,+13642402556,Shoes,Smartwatch,Yes,Not worth the price.
Noah,noah265@outlook.com,+17138082275,Phone,Smartwatch,Yes,"Defective piece, had to return."
Emma,emma266@yahoo.com,+16625385919,Phone,Gaming laptop,Yes,"Average quality, expected better."
Emma,emma267@hotmail.com,+17148081722,Headphones,Gaming laptop,Yes,Best purchase ever!
Alice,alice268@gmail.com,+12881295712,Phone,Running shoes,Yes,Not worth the price.
Sophia,sophia269@yahoo.com,+11308277170,Shoes,Running shoes,No,"Average quality, expected better."
David,david270@outlook.com,+15079413337,Shoes,Running shoes,No,"Works perfectly, will buy again."
Liam,liam271@outlook.com,+12198666533,Laptop,Wireless headphones,No,"Average quality, expected better."
Liam,liam272@hotmail.com,+14643492331,Bag,Running shoes,No,"Average quality, expected better."
Alice,alice273@hotmail.com,+11964908382,Phone,Wireless headphones,Yes,Not worth the price.
Charlie,charlie274@hotmail.com,+17506949153,Bag,Gaming laptop,No,"Excellent product, highly recommend!"
Liam,liam275@hotmail.com,+19386089724,Phone,Best phone,Yes,"Defective piece, had to return."
Bob,bob276@outlook.com,+18387963600,Laptop,Running shoes,Yes,"Average quality, expected better."
Noah,noah277@gmail.com,+15265582883,Phone,Running shoes,Yes,Not worth the price.
Sophia,sophia278@gmail.com,+11985901439,Phone,Wireless headphones,Yes,"Average quality, expected better."
Noah,noah279@yahoo.com,+13161640248,Headphones,Wireless headphones,Yes,"Good quality, but delivery was slow."
Sophia,sophia280@yahoo.com,+18082898793,Bag,Gaming laptop,No,"Excellent product, highly recommend!"
Sophia,sophia281@yahoo.com,+17765080491,Headphones,Best phone,No,Best purchase ever!
David,david282@gmail.com,+13816728023,Shoes,Wireless headphones,Yes,"Good quality, but delivery was slow."
Bob,bob283@gmail.com,+18370565774,Laptop,Running shoes,No,Best purchase ever!
Alice,alice284@outlook.com,+13679639786,Watch,Gaming laptop,No,Great value for money!
Noah,noah285@yahoo.com,+19006103601,Phone,Wireless headphones,No,Best purchase ever!
Noah,noah286@outlook.com,+12830675598,Shoes,Running shoes,Yes,Best purchase ever!
David,david287@gmail.com,+11599444346,Laptop,Gaming laptop,Yes,"Average quality, expected better."
Liam,liam288@hotmail.com,+19070004201,Headphones,Wireless headphones,Yes,Best purchase ever!
Alice,alice289@outlook.com,+16311838480,Bag,Smartwatch,No,"Works perfectly, will buy again."
Emma,emma290@gmail.com,+19119617057,Bag,Gaming laptop,No,Best purchase ever!
Charlie,charlie291@yahoo.com,+16012633489,Bag,Smartwatch,Yes,Great value for money!
Bob,bob292@yahoo.com,+18794347631,Watch,Best phone,No,"Defective piece, had to return."
Noah,noah293@hotmail.com,+17783995480,Phone,Gaming laptop,Yes,"Good quality, but delivery was slow."
Noah,noah294@outlook.com,+15874237442,Watch,Smartwatch,No,Not worth the price.
David,david295@outlook.com,+18587927142,Headphones,Best phone,Yes,"Works perfectly, will buy again."
Sophia,sophia296@hotmail.com,+16509691493,Shoes,Wireless headphones,Yes,"Good quality, but delivery was slow."
Noah,noah297@hotmail.com,+11731611232,Bag,Best phone,No,"Defective piece, had to return."
Charlie,charlie298@hotmail.com,+18851734586,Watch,Best phone,Yes,"Defective piece, had to return."
Bob,bob299@hotmail.com,+18750721518,Bag,Wireless headphones,Yes,"Defective piece, had to return."
Alice,alice300@gmail.com,+13984336173,Phone,Wireless headphones,No,Best purchase ever!
Sophia,sophia301@hotmail.com,+19079097089,Phone,Gaming laptop,No,"Defective piece, had to return."
Charlie,charlie302@gmail.com,+12138802743,Headphones,Gaming laptop,Yes,"Average quality, expected better."
Bob,bob303@yahoo.com,+18388119517,Headphones,Gaming laptop,Yes,"Defective piece, had to return."
Charlie,charlie304@outlook.com,+19344252099,Bag,Wireless headphones,Yes,"Works perfectly, will buy again."
Liam,liam305@hotmail.com,+17522209956,Laptop,Running shoes,Yes,Great value for money!
Charlie,charlie306@outlook.com,+18765895095,Laptop,Best phone,Yes,"Good quality, but delivery was slow."
Alice,alice307@gmail.com,+18230032834,Laptop,Running shoes,No,"Excellent product, highly recommend!"
Charlie,charlie308@outlook.com,+18614866466,Shoes,Wireless headphones,No,"Good quality, but delivery was slow."
Liam,liam309@gmail.com,+19048189609,Phone,Gaming laptop,No,Best purchase ever!
Charlie,charlie310@yahoo.com,+15887887051,Phone,Gaming laptop,No,Not worth the price.
Alice,alice311@outlook.com,+18334705428,Phone,Smartwatch,Yes,"Good quality, but delivery was slow."
Noah,noah312@hotmail.com,+11172628638,Bag,Smartwatch,Yes,"Average quality, expected better."
Sophia,sophia313@gmail.com,+18835816243,Watch,Wireless headphones,Yes,"Works perfectly, will buy again."
Alice,alice314@gmail.com,+14303197829,Watch,Running shoes,Yes,"Works perfectly, will buy again."
David,david315@gmail.com,+18777161341,Shoes,Wireless headphones,No,"Defective piece, had to return."
David,david316@hotmail.com,+17363887006,Headphones,Wireless headphones,No,"Average quality, expected better."
Charlie,charlie317@yahoo.com,+18025499289,Phone,Gaming laptop,No,"Defective piece, had to return."
Sophia,sophia318@gmail.com,+12105804355,Watch,Running shoes,Yes,"Good quality, but delivery was slow."
Alice,alice319@hotmail.com,+15610380022,Laptop,Running shoes,Yes,"Good quality, but delivery was slow."
Sophia,sophia320@hotmail.com,+14161891463,Laptop,Gaming laptop,Yes,"Average quality, expected better."
Charlie,charlie321@gmail.com,+11382864831,Bag,Gaming laptop,Yes,Not worth the price.
Alice,alice322@outlook.com,+13398121942,Headphones,Gaming laptop,Yes,Not worth the price.
Emma,emma323@hotmail.com,+15067006267,Bag,Running shoes,No,"Average quality, expected better."
Noah,noah324@hotmail.com,+17539363401,Phone,Wireless headphones,No,"Excellent product, highly recommend!"
Liam,liam325@hotmail.com,+19103342983,Laptop,Running shoes,Yes,Great value for money!
Liam,liam326@outlook.com,+16478447564,Watch,Gaming laptop,No,Best purchase ever!
Bob,bob327@gmail.com,+16386142798,Laptop,Best phone,Yes,Great value for money!
Noah,noah328@gmail.com,+18589049051,Laptop,Gaming laptop,Yes,"Excellent product, highly recommend!"
Sophia,sophia329@hotmail.com,+12893863932,Bag,Wireless headphones,Yes,Great value for money!
Emma,emma330@outlook.com,+18109745621,Laptop,Wireless headphones,Yes,"Excellent product, highly recommend!"
Alice,alice331@hotmail.com,+16870920589,Watch,Gaming laptop,No,"Average quality, expected better."
David,david332@yahoo.com,+11898104524,Phone,Smartwatch,No,"Excellent product, highly recommend!"
Emma,emma333@outlook.com,+16719072970,Shoes,Best phone,No,"Excellent product, highly recommend!"
Emma,emma334@yahoo.com,+14692820235,Bag,Running shoes,Yes,Not worth the price.
Alice,alice335@gmail.com,+13997420501,Shoes,Wireless headphones,Yes,"Good quality, but delivery was slow."
Emma,emma336@gmail.com,+13098598659,Phone,Wireless headphones,Yes,"Works perfectly, will buy again."
Charlie,charlie337@hotmail.com,+19527149294,Shoes,Gaming laptop,Yes,"Excellent product, highly recommend!"
Noah,noah338@hotmail.com,+14376193943,Bag,Wireless headphones,No,"Defective piece, had to return."
Bob,bob339@gmail.com,+13716684062,Shoes,Best phone,Yes,"Good quality, but delivery was slow."
Liam,liam340@outlook.com,+12632395782,Shoes,Running shoes,No,"Defective piece, had to return."
Emma,emma341@gmail.com,+18244133377,Phone,Best phone,No,Not worth the price.
Alice,alice342@yahoo.com,+15730412239,Laptop,Smartwatch,No,"Works perfectly, will buy again."
Charlie,charlie343@outlook.com,+16792217931,Watch,Best phone,No,"Good quality, but delivery was slow."
Noah,noah344@outlook.com,+13281894454,Shoes,Running shoes,No,Not worth the price.
Charlie,charlie345@gmail.com,+11351226531,Shoes,Gaming laptop,Yes,Great value for money!
Bob,bob346@outlook.com,+12480172145,Laptop,Gaming laptop,Yes,"Average quality, expected better."
Liam,liam347@yahoo.com,+11507824101,Bag,Smartwatch,Yes,"Defective piece, had to return."
Emma,emma348@gmail.com,+17643670788,Watch,Gaming laptop,No,"Average quality, expected better."
Sophia,sophia349@hotmail.com,+16178519695,Bag,Wireless headphones,Yes,"Defective piece, had to return."
Bob,bob350@outlook.com,+16982217933,Watch,Wireless headphones,Yes,"Works perfectly, will buy again."
Liam,liam351@outlook.com,+17263158012,Shoes,Gaming laptop,No,"Defective piece, had to return."
Bob,bob352@hotmail.com,+13142196090,Headphones,Running shoes,Yes,Not worth the price.
Bob,bob353@hotmail.com,+12990702600,Phone,Gaming laptop,No,Not worth the price.
David,david354@yahoo.com,+11241413763,Shoes,Gaming laptop,Yes,"Average quality, expected better."
Sophia,sophia355@hotmail.com,+13029082242,Headphones,Best phone,No,"Average quality, expected better."
Bob,bob356@outlook.com,+11790626016,Watch,Wireless headphones,Yes,"Works perfectly, will buy again."
Noah,noah357@outlook.com,+17775030696,Phone,Gaming laptop,Yes,"Average quality, expected better."
Emma,emma358@hotmail.com,+18772098496,Shoes,Wireless headphones,No,Best purchase ever!
Charlie,charlie359@yahoo.com,+16921676745,Watch,Best phone,No,"Average quality, expected better."
Emma,emma360@outlook.com,+14198427816,Watch,Gaming laptop,Yes,Not worth the price.
Liam,liam361@gmail.com,+12509512215,Phone,Wireless headphones,No,"Works perfectly, will buy again."
Sophia,sophia362@hotmail.com,+19268378275,Phone,Wireless headphones,Yes,"Works perfectly, will buy again."
David,david363@outlook.com,+11821037211,Laptop,Best phone,Yes,"Average quality, expected better."
Sophia,sophia364@hotmail.com,+13751161676,Phone,Best phone,Yes,"Average quality, expected better."
Liam,liam365@hotmail.com,+12435022914,Phone,Gaming laptop,No,"Defective piece, had to return."
Alice,alice366@yahoo.com,+11172603872,Phone,Running shoes,No,"Good quality, but delivery was slow."
Noah,noah367@outlook.com,+16565782443,Laptop,Best phone,No,"Average quality, expected better."
Liam,liam368@outlook.com,+13476108258,Watch,Smartwatch,No,Not worth the price.
Noah,noah369@outlook.com,+15042793093,Shoes,Wireless headphones,No,Great value for money!
Noah,noah370@gmail.com,+12454915961,Laptop,Smartwatch,No,"Good quality, but delivery was slow."
Charlie,charlie371@outlook.com,+12302863897,Laptop,Wireless headphones,Yes,"Average quality, expected better."
Sophia,sophia372@outlook.com,+12338029166,Watch,Running shoes,No,"Defective piece, had to return."
Noah,noah373@gmail.com,+11885636548,Phone,Gaming laptop,No,"Excellent product, highly recommend!"
Bob,bob374@gmail.com,+18678981155,Headphones,Gaming laptop,No,Not worth the price.
David,david375@outlook.com,+17647504127,Laptop,Gaming laptop,Yes,Best purchase ever!
Charlie,charlie376@outlook.com,+11567288852,Bag,Smartwatch,No,Great value for money!
Sophia,sophia377@hotmail.com,+17633863771,Shoes,Best phone,Yes,Best purchase ever!
David,david378@gmail.com,+11052456773,Watch,Smartwatch,No,"Average quality, expected better."
David,david379@gmail.com,+12613604101,Bag,Best phone,Yes,"Works perfectly, will buy again."
Liam,liam380@yahoo.com,+16035199026,Laptop,Running shoes,Yes,"Excellent product, highly recommend!"
Sophia,sophia381@yahoo.com,+12920368425,Watch,Running shoes,No,Great value for money!
David,david382@gmail.com,+11199898667,Laptop,Gaming laptop,No,Not worth the price.
Noah,noah383@gmail.com,+11531746452,Phone,Wireless headphones,Yes,"Average quality, expected better."
David,david384@yahoo.com,+14604170261,Headphones,Best phone,Yes,"Average quality, expected better."
Bob,bob385@outlook.com,+11155360255,Phone,Wireless headphones,Yes,"Good quality, but delivery was slow."
Liam,liam386@hotmail.com,+16863978181,Laptop,Running shoes,No,"Works perfectly, will buy again."
Noah,noah387@outlook.com,+16974490941,Shoes,Gaming laptop,No,Not worth the price.
Alice,alice388@outlook.com,+16834279751,Watch,Best phone,No,"Good quality, but delivery was slow."
Charlie,charlie389@outlook.com,+19718444676,Laptop,Best phone,Yes,Best purchase ever!
Noah,noah390@hotmail.com,+17781110778,Bag,Running shoes,No,"Works perfectly, will buy again."
Noah,noah391@yahoo.com,+12888392820,Watch,Gaming laptop,No,Not worth the price.
Liam,liam392@yahoo.com,+17891633411,Bag,Running shoes,Yes,Best purchase ever!
Alice,alice393@hotmail.com,+18726141125,Phone,Running shoes,Yes,"Excellent product, highly recommend!"
Liam,liam394@hotmail.com,+17686172788,Shoes,Gaming laptop,Yes,"Excellent product, highly recommend!"
Emma,emma395@gmail.com,+14863541577,Phone,Running shoes,Yes,Great value for money!
Emma,emma396@hotmail.com,+12095298648,Laptop,Running shoes,Yes,"Good quality, but delivery was slow."
Noah,noah397@outlook.com,+17025376757,Phone,Wireless headphones,No,"Defective piece, had to return."
Sophia,sophia398@outlook.com,+13301986909,Headphones,Gaming laptop,Yes,Best purchase ever!
Sophia,sophia399@gmail.com,+18528352218,Watch,Wireless headphones,No,Not worth the price.
Alice,alice400@hotmail.com,+19355841493,Watch,Best phone,No,"Average quality, expected better."
Sophia,sophia401@yahoo.com,+15194339910,Bag,Gaming laptop,Yes,"Works perfectly, will buy again."
Liam,liam402@hotmail.com,+18959114415,Headphones,Wireless headphones,Yes,"Good quality, but delivery was slow."
Charlie,charlie403@hotmail.com,+19133811199,Laptop,Running shoes,Yes,Great value for money!
Bob,bob404@outlook.com,+14333529540,Phone,Smartwatch,No,"Average quality, expected better."
Emma,emma405@yahoo.com,+16454625465,Shoes,Wireless headphones,Yes,"Defective piece, had to return."
David,david406@outlook.com,+16419950319,Watch,Running shoes,Yes,Great value for money!
Liam,liam407@hotmail.com,+12040025066,Watch,Running shoes,No,Great value for money!
Emma,emma408@hotmail.com,+13707874871,Headphones,Smartwatch,No,Best purchase ever!
Liam,liam409@gmail.com,+15396672218,Shoes,Smartwatch,No,"Average quality, expected better."
Sophia,sophia410@gmail.com,+13236686757,Bag,Smartwatch,Yes,"Good quality, but delivery was slow."
Emma,emma411@gmail.com,+11579385723,Watch,Wireless headphones,No,Great value for money!
Noah,noah412@yahoo.com,+12371510358,Headphones,Best phone,No,"Defective piece, had to return."
David,david413@hotmail.com,+15709962604,Phone,Gaming laptop,No,Great value for money!
Sophia,sophia414@yahoo.com,+18948485432,Bag,Best phone,No,Great value for money!
Alice,alice415@gmail.com,+17737912429,Phone,Best phone,Yes,"Average quality, expected better."
Sophia,sophia416@hotmail.com,+18030162626,Phone,Gaming laptop,Yes,Great value for money!
Bob,bob417@gmail.com,+17327712765,Watch,Wireless headphones,No,"Good quality, but delivery was slow."
Bob,bob418@yahoo.com,+12900494170,Bag,Best phone,No,"Good quality, but delivery was slow."
Emma,emma419@outlook.com,+19051424439,Shoes,Best phone,No,"Defective piece, had to return."
Liam,liam420@yahoo.com,+19781092519,Shoes,Best phone,Yes,Great value for money!
Sophia,sophia421@hotmail.com,+12979299392,Laptop,Best phone,No,"Average quality, expected better."
David,david422@gmail.com,+17593800438,Headphones,Wireless headphones,Yes,Great value for money!
Sophia,sophia423@outlook.com,+14239056130,Bag,Smartwatch,No,"Excellent product, highly recommend!"
Liam,liam424@gmail.com,+18602114454,Watch,Gaming laptop,No,"Defective piece, had to return."
Alice,alice425@gmail.com,+12333812788,Headphones,Running shoes,Yes,"Excellent product, highly recommend!"
Liam,liam426@gmail.com,+13774493616,Bag,Gaming laptop,Yes,Best purchase ever!
Alice,alice427@outlook.com,+12533062456,Headphones,Gaming laptop,Yes,"Excellent product, highly recommend!"
David,david428@outlook.com,+12832871465,Phone,Running shoes,Yes,Great value for money!
Sophia,sophia429@outlook.com,+19032228706,Watch,Wireless headphones,Yes,"Average quality, expected better."
Sophia,sophia430@yahoo.com,+12974809782,Phone,Smartwatch,Yes,Best purchase ever!
Bob,bob431@outlook.com,+15807708442,Watch,Gaming laptop,No,"Good quality, but delivery was slow."
David,david432@yahoo.com,+16061913493,Phone,Gaming laptop,No,Not worth the price.
Noah,noah433@hotmail.com,+18178155551,Shoes,Best phone,Yes,"Defective piece, had to return."
Noah,noah434@hotmail.com,+17581315603,Headphones,Wireless headphones,Yes,"Works perfectly, will buy again."
Emma,emma435@hotmail.com,+16253616937,Headphones,Wireless headphones,Yes,"Average quality, expected better."
David,david436@gmail.com,+15911352497,Phone,Wireless headphones,Yes,"Excellent product, highly recommend!"
Sophia,sophia437@yahoo.com,+14036850188,Watch,Wireless headphones,No,"Good quality, but delivery was slow."
Emma,emma438@yahoo.com,+15581053479,Phone,Gaming laptop,No,"Defective piece, had to return."
Emma,emma439@gmail.com,+11289156264,Phone,Best phone,No,Not worth the price.
Charlie,charlie440@outlook.com,+16190360402,Laptop,Smartwatch,Yes,"Excellent product, highly recommend!"
Bob,bob441@gmail.com,+13413769906,Phone,Gaming laptop,No,Best purchase ever!
Liam,liam442@gmail.com,+18869719796,Phone,Wireless headphones,No,"Average quality, expected better."
Noah,noah443@yahoo.com,+18791823527,Watch,Gaming laptop,No,Not worth the price.
Bob,bob444@yahoo.com,+19231313913,Phone,Smartwatch,No,"Excellent product, highly recommend!"
Emma,emma445@hotmail.com,+17015375934,Laptop,Wireless headphones,No,"Excellent product, highly recommend!"
David,david446@hotmail.com,+17138734572,Headphones,Smartwatch,Yes,"Excellent product, highly recommend!"
Charlie,charlie447@hotmail.com,+17053671620,Bag,Best phone,Yes,"Excellent product, highly recommend!"
Noah,noah448@hotmail.com,+19677073826,Shoes,Wireless headphones,No,"Good quality, but delivery was slow."
Liam,liam449@hotmail.com,+11024923105,Laptop,Gaming laptop,No,Not worth the price.
Alice,alice450@outlook.com,+14063221074,Headphones,Best phone,No,"Good quality, but delivery was slow."
Alice,alice451@yahoo.com,+14793555859,Headphones,Running shoes,No,Not worth the price.
Noah,noah452@outlook.com,+11282802308,Bag,Smartwatch,Yes,"Defective piece, had to return."
David,david453@gmail.com,+15934395590,Headphones,Wireless headphones,Yes,"Defective piece, had to return."
Charlie,charlie454@hotmail.com,+16560366949,Phone,Gaming laptop,Yes,"Defective piece, had to return."
David,david455@gmail.com,+12850752758,Bag,Gaming laptop,Yes,"Defective piece, had to return."
Bob,bob456@gmail.com,+17749435465,Headphones,Running shoes,No,Great value for money!
Sophia,sophia457@yahoo.com,+16686722626,Watch,Wireless headphones,No,"Excellent product, highly recommend!"
Alice,alice458@yahoo.com,+13214721596,Laptop,Smartwatch,Yes,"Works perfectly, will buy again."
Liam,liam459@gmail.com,+16910009870,Headphones,Wireless headphones,Yes,Best purchase ever!
Charlie,charlie460@gmail.com,+11536479488,Shoes,Best phone,No,"Excellent product, highly recommend!"
Sophia,sophia461@gmail.com,+13455644532,Bag,Best phone,Yes,Not worth the price.
Liam,liam462@gmail.com,+11567539263,Shoes,Gaming laptop,No,Not worth the price.
Sophia,sophia463@gmail.com,+12677303998,Bag,Running shoes,Yes,Great value for money!
Emma,emma464@hotmail.com,+14426036617,Watch,Gaming laptop,Yes,Best purchase ever!
Charlie,charlie465@yahoo.com,+16263438719,Phone,Running shoes,No,"Works perfectly, will buy again."
Noah,noah466@yahoo.com,+13642613037,Headphones,Best phone,No,"Average quality, expected better."
Sophia,sophia467@outlook.com,+17373399771,Bag,Smartwatch,No,Not worth the price.
David,david468@hotmail.com,+11949682785,Laptop,Best phone,Yes,Not worth the price.
Emma,emma469@hotmail.com,+15190505819,Headphones,Running shoes,No,"Works perfectly, will buy again."
Charlie,charlie470@gmail.com,+12330825148,Headphones,Best phone,No,"Defective piece, had to return."
Noah,noah471@outlook.com,+13677021868,Headphones,Wireless headphones,No,"Works perfectly, will buy again."
Noah,noah472@yahoo.com,+18845945732,Shoes,Running shoes,No,Not worth the price.
Emma,emma473@yahoo.com,+11205945870,Shoes,Gaming laptop,Yes,"Good quality, but delivery was slow."
Noah,noah474@outlook.com,+12486565133,Laptop,Best phone,No,"Average quality, expected better."
Liam,liam475@hotmail.com,+19146340040,Bag,Smartwatch,Yes,"Works perfectly, will buy again."
Bob,bob476@outlook.com,+12488471968,Headphones,Running shoes,Yes,Not worth the price.
Liam,liam477@outlook.com,+12729284589,Bag,Wireless headphones,No,Great value for money!
Sophia,sophia478@gmail.com,+13312991387,Watch,Running shoes,No,"Works perfectly, will buy again."
Liam,liam479@outlook.com,+17226561313,Bag,Running shoes,No,"Excellent product, highly recommend!"
Sophia,sophia480@outlook.com,+11698332394,Shoes,Running shoes,No,"Average quality, expected better."
Sophia,sophia481@gmail.com,+13459734538,Bag,Wireless headphones,Yes,Not worth the price.
Emma,emma482@gmail.com,+17217255851,Phone,Best phone,No,"Defective piece, had to return."
Emma,emma483@hotmail.com,+17242653765,Watch,Wireless headphones,No,"Average quality, expected better."
Alice,alice484@hotmail.com,+19872523395,Laptop,Wireless headphones,No,"Works perfectly, will buy again."
Sophia,sophia485@gmail.com,+18509859722,Watch,Running shoes,No,Best purchase ever!
Noah,noah486@yahoo.com,+16579149620,Watch,Wireless headphones,Yes,Best purchase ever!
Bob,bob487@yahoo.com,+15025844808,Headphones,Smartwatch,No,"Works perfectly, will buy again."
Liam,liam488@gmail.com,+15672930863,Bag,Smartwatch,No,Great value for money!
Sophia,sophia489@gmail.com,+18729837858,Phone,Running shoes,No,"Average quality, expected better."
Bob,bob490@yahoo.com,+16744471687,Bag,Gaming laptop,Yes,Best purchase ever!
Emma,emma491@outlook.com,+15262371372,Watch,Best phone,Yes,"Excellent product, highly recommend!"
Emma,emma492@hotmail.com,+12085882042,Bag,Running shoes,Yes,Not worth the price.
Emma,emma493@yahoo.com,+14139429208,Phone,Best phone,Yes,Great value for money!
Charlie,charlie494@hotmail.com,+12945561029,Phone,Best phone,No,"Good quality, but delivery was slow."
David,david495@yahoo.com,+19946359963,Shoes,Best phone,No,"Defective piece, had to return."
Liam,liam496@gmail.com,+13675785925,Bag,Running shoes,No,"Works perfectly, will buy again."
David,david497@hotmail.com,+14278035422,Headphones,Wireless headphones,No,Best purchase ever!
Bob,bob498@yahoo.com,+13411328443,Watch,Smartwatch,No,Not worth the price.
Emma,emma499@hotmail.com,+14008944003,Watch,Wireless headphones,Yes,Great value for money!
David,david500@hotmail.com,+14826039293,Shoes,Best phone,Yes,Best purchase ever!
Bob,bob501@outlook.com,+18235082906,Shoes,Smartwatch,Yes,"Defective piece, had to return."
Sophia,sophia502@yahoo.com,+16220249582,Phone,Running shoes,Yes,"Average quality, expected better."
Alice,alice503@yahoo.com,+15805676052,Bag,Best phone,Yes,"Works perfectly, will buy again."
Sophia,sophia504@outlook.com,+17255204934,Phone,Gaming laptop,Yes,"Works perfectly, will buy again."
Charlie,charlie505@hotmail.com,+15077970717,Watch,Gaming laptop,Yes,"Excellent product, highly recommend!"
Charlie,charlie506@gmail.com,+15085960524,Shoes,Smartwatch,No,Best purchase ever!
David,david507@outlook.com,+13474256271,Watch,Running shoes,Yes,"Works perfectly, will buy again."
David,david508@gmail.com,+18122614843,Phone,Smartwatch,Yes,Not worth the price.
Sophia,sophia509@outlook.com,+12519490686,Headphones,Wireless headphones,Yes,"Defective piece, had to return."
Noah,noah510@hotmail.com,+15083992829,Bag,Running shoes,No,Not worth the price.
Charlie,charlie511@hotmail.com,+15929030872,Headphones,Best phone,Yes,Not worth the price.
Liam,liam512@yahoo.com,+11507384580,Bag,Wireless headphones,No,"Good quality, but delivery was slow."
Sophia,sophia513@yahoo.com,+17440631479,Phone,Best phone,Yes,Great value for money!
Charlie,charlie514@outlook.com,+11652657805,Phone,Best phone,Yes,"Defective piece, had to return."
Charlie,charlie515@yahoo.com,+13185321462,Laptop,Best phone,Yes,"Works perfectly, will buy again."
Charlie,charlie516@outlook.com,+16890610967,Laptop,Wireless headphones,Yes,Best purchase ever!
Alice,alice517@hotmail.com,+16151340785,Bag,Gaming laptop,No,Great value for money!
Sophia,sophia518@hotmail.com,+11447078215,Watch,Smartwatch,No,"Excellent product, highly recommend!"
David,david519@hotmail.com,+12756779497,Watch,Running shoes,Yes,"Excellent product, highly recommend!"
Sophia,sophia520@gmail.com,+19223691683,Watch,Gaming laptop,No,Not worth the price.
Noah,noah521@yahoo.com,+18901704680,Headphones,Best phone,No,"Defective piece, had to return."
David,david522@hotmail.com,+11996115650,Shoes,Smartwatch,No,Best purchase ever!
Charlie,charlie523@gmail.com,+14466696943,Watch,Smartwatch,No,"Excellent product, highly recommend!"
Bob,bob524@hotmail.com,+15266133923,Bag,Smartwatch,Yes,Not worth the price.
Noah,noah525@yahoo.com,+17594896567,Headphones,Running shoes,No,Great value for money!
Sophia,sophia526@gmail.com,+11512256580,Bag,Gaming laptop,Yes,"Good quality, but delivery was slow."
Sophia,sophia527@hotmail.com,+17016346765,Watch,Smartwatch,No,"Average quality, expected better."
Bob,bob528@outlook.com,+13489618126,Headphones,Smartwatch,No,"Average quality, expected better."
Sophia,sophia529@outlook.com,+19470966204,Headphones,Smartwatch,Yes,"Works perfectly, will buy again."
Alice,alice530@yahoo.com,+16789782449,Laptop,Smartwatch,Yes,"Good quality, but delivery was slow."
Alice,alice531@hotmail.com,+18227704717,Watch,Running shoes,Yes,"Works perfectly, will buy again."
Noah,noah532@hotmail.com,+12740126604,Shoes,Wireless headphones,No,Not worth the price.
Noah,noah533@hotmail.com,+11809043356,Shoes,Best phone,No,"Excellent product, highly recommend!"
Alice,alice534@gmail.com,+15381116350,Headphones,Wireless headphones,No,"Good quality, but delivery was slow."
Noah,noah535@yahoo.com,+17966851733,Phone,Best phone,Yes,"Good quality, but delivery was slow."
Liam,liam536@gmail.com,+17503386096,Bag,Best phone,No,"Average quality, expected better."
Noah,noah537@hotmail.com,+11687232030,Laptop,Best phone,No,Best purchase ever!
Emma,emma538@hotmail.com,+18296620455,Phone,Gaming laptop,Yes,"Good quality, but delivery was slow."
Sophia,sophia539@hotmail.com,+12571031602,Headphones,Running shoes,Yes,"Good quality, but delivery was slow."
Sophia,sophia540@yahoo.com,+19976076591,Bag,Running shoes,No,Best purchase ever!
Alice,alice541@gmail.com,+15193166480,Shoes,Wireless headphones,No,"Defective piece, had to return."
Liam,liam542@yahoo.com,+18702184403,Bag,Smartwatch,No,"Excellent product, highly recommend!"
Bob,bob543@hotmail.com,+19533868666,Shoes,Wireless headphones,No,Great value for money!
David,david544@outlook.com,+15525130795,Watch,Smartwatch,No,Great value for money!
Alice,alice545@hotmail.com,+18996028404,Phone,Gaming laptop,Yes,"Average quality, expected better."
David,david546@hotmail.com,+14395003337,Laptop,Best phone,No,"Excellent product, highly recommend!"
Bob,bob547@yahoo.com,+15156189496,Shoes,Wireless headphones,No,"Defective piece, had to return."
Liam,liam548@hotmail.com,+12043810055,Headphones,Best phone,Yes,Best purchase ever!
Alice,alice549@outlook.com,+11873201180,Bag,Best phone,No,Not worth the price.
David,david550@gmail.com,+19085753887,Bag,Best phone,No,"Works perfectly, will buy again."
Bob,bob551@yahoo.com,+11611466094,Bag,Running shoes,No,"Works perfectly, will buy again."
Alice,alice552@gmail.com,+16532023494,Headphones,Best phone,No,Not worth the price.
Charlie,charlie553@gmail.com,+16943355205,Bag,Best phone,Yes,"Average quality, expected better."
Noah,noah554@hotmail.com,+11452491108,Watch,Smartwatch,Yes,"Excellent product, highly recommend!"
Bob,bob555@gmail.com,+16231369127,Bag,Wireless headphones,No,"Defective piece, had to return."
Sophia,sophia556@yahoo.com,+19853319072,Laptop,Gaming laptop,No,Not worth the price.
Alice,alice557@yahoo.com,+19852635670,Laptop,Gaming laptop,No,"Defective piece, had to return."
Noah,noah558@hotmail.com,+18107280410,Bag,Wireless headphones,No,"Excellent product, highly recommend!"
Noah,noah559@yahoo.com,+15405989652,Phone,Best phone,No,"Works perfectly, will buy again."
Bob,bob560@hotmail.com,+15210796120,Bag,Running shoes,Yes,"Works perfectly, will buy again."
Charlie,charlie561@gmail.com,+16355796525,Bag,Smartwatch,Yes,"Average quality, expected better."
Emma,emma562@gmail.com,+18772677161,Phone,Best phone,No,"Excellent product, highly recommend!"
David,david563@outlook.com,+16186305365,Phone,Wireless headphones,Yes,"Good quality, but delivery was slow."
David,david564@yahoo.com,+11332449795,Laptop,Gaming laptop,No,"Defective piece, had to return."
Charlie,charlie565@gmail.com,+19947326092,Laptop,Best phone,No,Not worth the price.
Noah,noah566@hotmail.com,+14438410891,Headphones,Best phone,No,"Works perfectly, will buy again."
David,david567@gmail.com,+13550210040,Watch,Smartwatch,No,"Works perfectly, will buy again."
Bob,bob568@gmail.com,+18632120106,Phone,Wireless headphones,No,"Defective piece, had to return."
David,david569@yahoo.com,+13859218142,Shoes,Gaming laptop,No,"Average quality, expected better."
Charlie,charlie570@hotmail.com,+16398170648,Laptop,Running shoes,No,"Good quality, but delivery was slow."
Noah,noah571@gmail.com,+13439100479,Laptop,Smartwatch,No,"Defective piece, had to return."
Noah,noah572@outlook.com,+17175127730,Headphones,Wireless headphones,No,"Works perfectly, will buy again."
Emma,emma573@yahoo.com,+13321354874,Watch,Gaming laptop,No,Best purchase ever!
Liam,liam574@outlook.com,+12192804729,Headphones,Running shoes,No,Best purchase ever!
Noah,noah575@hotmail.com,+15656473998,Bag,Running shoes,Yes,"Works perfectly, will buy again."
Sophia,sophia576@yahoo.com,+19790278433,Shoes,Gaming laptop,Yes,"Excellent product, highly recommend!"
David,david577@gmail.com,+16082154590,Shoes,Running shoes,No,"Average quality, expected better."
Liam,liam578@gmail.com,+18675193138,Watch,Best phone,No,"Average quality, expected better."
Emma,emma579@gmail.com,+13097121818,Laptop,Gaming laptop,No,"Works perfectly, will buy again."
Charlie,charlie580@outlook.com,+15146083745,Watch,Smartwatch,Yes,"Works perfectly, will buy again."
Charlie,charlie581@gmail.com,+11487169739,Watch,Gaming laptop,Yes,Best purchase ever!
Noah,noah582@gmail.com,+16267643861,Watch,Smartwatch,No,"Defective piece, had to return."
Bob,bob583@outlook.com,+18558344322,Watch,Wireless headphones,No,"Excellent product, highly recommend!"
Noah,noah584@hotmail.com,+16458960751,Laptop,Wireless headphones,Yes,"Excellent product, highly recommend!"
Charlie,charlie585@outlook.com,+11331313249,Shoes,Best phone,No,"Defective piece, had to return."
David,david586@outlook.com,+17192499449,Bag,Gaming laptop,Yes,Great value for money!
Emma,emma587@outlook.com,+18313222569,Laptop,Smartwatch,No,"Excellent product, highly recommend!"
Liam,liam588@outlook.com,+19075022299,Shoes,Running shoes,No,"Average quality, expected better."
Liam,liam589@outlook.com,+12869344619,Laptop,Gaming laptop,Yes,"Average quality, expected better."
Noah,noah590@outlook.com,+18809249913,Phone,Best phone,No,"Defective piece, had to return."
Alice,alice591@yahoo.com,+15652973123,Bag,Best phone,Yes,Great value for money!
Noah,noah592@hotmail.com,+11350003536,Headphones,Running shoes,No,"Good quality, but delivery was slow."
David,david593@gmail.com,+15531588290,Watch,Running shoes,No,Best purchase ever!
Charlie,charlie594@hotmail.com,+17087087067,Headphones,Best phone,Yes,"Works perfectly, will buy again."
Noah,noah595@gmail.com,+19375561524,Headphones,Running shoes,No,"Works perfectly, will buy again."
Charlie,charlie596@yahoo.com,+15527212210,Shoes,Best phone,Yes,"Excellent product, highly recommend!"
Sophia,sophia597@outlook.com,+19405129177,Laptop,Running shoes,Yes,Best purchase ever!
Bob,bob598@hotmail.com,+18105242415,Phone,Gaming laptop,Yes,Best purchase ever!
Noah,noah599@gmail.com,+13077930503,Phone,Smartwatch,No,Best purchase ever!
Charlie,charlie600@gmail.com,+14404913669,Headphones,Wireless headphones,Yes,"Excellent product, highly recommend!"
Sophia,sophia601@hotmail.com,+11963043332,Shoes,Wireless headphones,Yes,"Defective piece, had to return."
Liam,liam602@yahoo.com,+19182861061,Laptop,Smartwatch,No,"Works perfectly, will buy again."
David,david603@gmail.com,+14041823743,Laptop,Running shoes,Yes,Best purchase ever!
Alice,alice604@gmail.com,+14015630093,Laptop,Gaming laptop,No,Not worth the price.
Bob,bob605@yahoo.com,+11839922445,Headphones,Running shoes,No,"Defective piece, had to return."
David,david606@gmail.com,+17004195820,Shoes,Gaming laptop,Yes,"Average quality, expected better."
Liam,liam607@gmail.com,+13052870143,Shoes,Running shoes,Yes,Not worth the price.
Sophia,sophia608@gmail.com,+13642956560,Bag,Best phone,Yes,"Works perfectly, will buy again."
Alice,alice609@yahoo.com,+15439251623,Laptop,Gaming laptop,No,"Average quality, expected better."
Sophia,sophia610@yahoo.com,+12935264007,Headphones,Best phone,Yes,"Works perfectly, will buy again."
Alice,alice611@yahoo.com,+17464420868,Phone,Wireless headphones,Yes,"Excellent product, highly recommend!"
Noah,noah612@outlook.com,+19410399537,Laptop,Wireless headphones,Yes,"Excellent product, highly recommend!"
Emma,emma613@hotmail.com,+11245763976,Laptop,Wireless headphones,Yes,"Excellent product, highly recommend!"
Liam,liam614@gmail.com,+17433332089,Phone,Best phone,No,"Works perfectly, will buy again."
Bob,bob615@outlook.com,+17663437854,Phone,Best phone,No,"Works perfectly, will buy again."
Bob,bob616@gmail.com,+19932717415,Laptop,Smartwatch,No,"Works perfectly, will buy again."
David,david617@gmail.com,+16748289191,Shoes,Gaming laptop,Yes,"Average quality, expected better."
Liam,liam618@yahoo.com,+19394626333,Headphones,Smartwatch,Yes,Best purchase ever!
Sophia,sophia619@outlook.com,+18355435815,Bag,Gaming laptop,Yes,Great value for money!
Noah,noah620@hotmail.com,+16441641504,Watch,Wireless headphones,No,"Average quality, expected better."
Emma,emma621@gmail.com,+14324074120,Bag,Best phone,No,Best purchase ever!
Sophia,sophia622@outlook.com,+12537503619,Phone,Wireless headphones,No,Not worth the price.
Alice,alice623@yahoo.com,+17805503210,Laptop,Gaming laptop,Yes,Best purchase ever!
David,david624@outlook.com,+17583250010,Headphones,Best phone,Yes,Best purchase ever!
Bob,bob625@outlook.com,+15543785765,Phone,Wireless headphones,Yes,"Defective piece, had to return."
Emma,emma626@hotmail.com,+19371354229,Shoes,Smartwatch,No,"Works perfectly, will buy again."
Sophia,sophia627@outlook.com,+16690034512,Phone,Wireless headphones,Yes,Great value for money!
Sophia,sophia628@gmail.com,+15394244265,Bag,Running shoes,Yes,"Works perfectly, will buy again."
Charlie,charlie629@outlook.com,+11196371458,Bag,Gaming laptop,Yes,"Works perfectly, will buy again."
Charlie,charlie630@yahoo.com,+19190129269,Phone,Wireless headphones,No,"Works perfectly, will buy again."
Emma,emma631@outlook.com,+13798370233,Phone,Gaming laptop,Yes,Not worth the price.
Charlie,charlie632@gmail.com,+15876678510,Phone,Running shoes,Yes,Not worth the price.
Sophia,sophia633@outlook.com,+12084354484,Bag,Wireless headphones,Yes,Not worth the price.
Noah,noah634@hotmail.com,+16070887238,Shoes,Gaming laptop,No,"Defective piece, had to return."
Emma,emma635@yahoo.com,+13181377027,Headphones,Running shoes,Yes,"Works perfectly, will buy again."
Emma,emma636@gmail.com,+16216623069,Bag,Smartwatch,No,"Works perfectly, will buy again."
Bob,bob637@gmail.com,+13851934479,Watch,Wireless headphones,No,"Defective piece, had to return."
Charlie,charlie638@hotmail.com,+15242030304,Laptop,Running shoes,Yes,"Good quality, but delivery was slow."
Bob,bob639@hotmail.com,+16244543042,Headphones,Wireless headphones,No,"Defective piece, had to return."
Emma,emma640@gmail.com,+18093373572,Watch,Wireless headphones,Yes,Great value for money!
Charlie,charlie641@outlook.com,+11762212304,Phone,Best phone,No,Not worth the price.
Charlie,charlie642@outlook.com,+18676313020,Laptop,Wireless headphones,No,"Excellent product, highly recommend!"
Noah,noah643@outlook.com,+12383192459,Watch,Smartwatch,Yes,"Average quality, expected better."
Bob,bob644@hotmail.com,+19712204145,Phone,Smartwatch,No,Great value for money!
Charlie,charlie645@yahoo.com,+13837703486,Watch,Best phone,Yes,"Works perfectly, will buy again."
Sophia,sophia646@yahoo.com,+12570699570,Watch,Smartwatch,Yes,Great value for money!
Charlie,charlie647@outlook.com,+13155361828,Bag,Smartwatch,Yes,Not worth the price.
Sophia,sophia648@outlook.com,+14414358945,Bag,Wireless headphones,No,"Defective piece, had to return."
Alice,alice649@gmail.com,+18097641235,Phone,Wireless headphones,No,Great value for money!
Noah,noah650@gmail.com,+19153588259,Shoes,Running shoes,Yes,"Average quality, expected better."
Noah,noah651@yahoo.com,+11577647815,Bag,Smartwatch,Yes,"Works perfectly, will buy again."
Bob,bob652@yahoo.com,+18574037550,Phone,Running shoes,No,Great value for money!
Liam,liam653@yahoo.com,+16563506600,Laptop,Wireless headphones,Yes,"Excellent product, highly recommend!"
Alice,alice654@yahoo.com,+14533212716,Phone,Best phone,No,Not worth the price.
David,david655@gmail.com,+13407913707,Bag,Gaming laptop,No,Great value for money!
David,david656@gmail.com,+14498283125,Phone,Wireless headphones,Yes,"Excellent product, highly recommend!"
Charlie,charlie657@yahoo.com,+14892298029,Laptop,Best phone,Yes,"Average quality, expected better."
Noah,noah658@outlook.com,+18728073416,Laptop,Smartwatch,Yes,"Average quality, expected better."
Alice,alice659@hotmail.com,+18841930808,Shoes,Wireless headphones,Yes,"Defective piece, had to return."
Noah,noah660@gmail.com,+11007909535,Laptop,Wireless headphones,Yes,Not worth the price.
Sophia,sophia661@gmail.com,+11628076113,Phone,Smartwatch,Yes,"Average quality, expected better."
Noah,noah662@hotmail.com,+12931499705,Headphones,Smartwatch,No,Not worth the price.
Emma,emma663@outlook.com,+14246254257,Laptop,Gaming laptop,No,"Works perfectly, will buy again."
Emma,emma664@gmail.com,+16996954230,Shoes,Wireless headphones,Yes,"Defective piece, had to return."
Alice,alice665@gmail.com,+12731728479,Bag,Gaming laptop,Yes,"Defective piece, had to return."
Charlie,charlie666@gmail.com,+13617603698,Phone,Smartwatch,No,Great value for money!
Bob,bob667@yahoo.com,+15289396971,Phone,Wireless headphones,No,"Good quality, but delivery was slow."
Liam,liam668@gmail.com,+15665272838,Laptop,Running shoes,Yes,"Good quality, but delivery was slow."
Emma,emma669@outlook.com,+17961849595,Headphones,Best phone,Yes,"Works perfectly, will buy again."
Noah,noah670@yahoo.com,+13573416731,Shoes,Best phone,No,"Defective piece, had to return."
Liam,liam671@outlook.com,+19382073872,Laptop,Gaming laptop,No,Great value for money!
Charlie,charlie672@gmail.com,+15424232006,Phone,Running shoes,Yes,Best purchase ever!
Sophia,sophia673@hotmail.com,+19791061294,Watch,Best phone,Yes,Best purchase ever!
Sophia,sophia674@yahoo.com,+16629580393,Phone,Best phone,No,"Works perfectly, will buy again."
Alice,alice675@hotmail.com,+11977858899,Laptop,Wireless headphones,No,"Excellent product, highly recommend!"
Noah,noah676@yahoo.com,+16629438743,Watch,Wireless headphones,Yes,"Excellent product, highly recommend!"
Noah,noah677@yahoo.com,+12753686670,Shoes,Running shoes,No,Best purchase ever!
David,david678@outlook.com,+14457175358,Shoes,Gaming laptop,No,Great value for money!
Charlie,charlie679@outlook.com,+11156926165,Phone,Running shoes,Yes,"Defective piece, had to return."
Sophia,sophia680@gmail.com,+15541137648,Bag,Wireless headphones,No,"Excellent product, highly recommend!"
Liam,liam681@gmail.com,+19998510079,Headphones,Smartwatch,Yes,"Excellent product, highly recommend!"
Noah,noah682@yahoo.com,+19580781182,Bag,Smartwatch,No,"Good quality, but delivery was slow."
Alice,alice683@outlook.com,+14528327439,Watch,Smartwatch,No,"Good quality, but delivery was slow."
Noah,noah684@yahoo.com,+18540493989,Phone,Smartwatch,Yes,Great value for money!
David,david685@gmail.com,+15015862453,Bag,Running shoes,Yes,Not worth the price.
Bob,bob686@gmail.com,+19266387556,Bag,Wireless headphones,Yes,Great value for money!
Charlie,charlie687@yahoo.com,+15388605229,Laptop,Smartwatch,No,"Excellent product, highly recommend!"
Emma,emma688@yahoo.com,+18867629222,Laptop,Wireless headphones,No,Best purchase ever!
Noah,noah689@gmail.com,+13034577649,Bag,Best phone,Yes,Not worth the price.
Noah,noah690@outlook.com,+15409474810,Laptop,Best phone,No,"Defective piece, had to return."
Charlie,charlie691@gmail.com,+16552475677,Headphones,Best phone,Yes,Great value for money!
Alice,alice692@gmail.com,+14934024592,Bag,Running shoes,Yes,"Good quality, but delivery was slow."
Alice,alice693@outlook.com,+15174181935,Phone,Smartwatch,No,Best purchase ever!
Charlie,charlie694@gmail.com,+19383285624,Headphones,Smartwatch,Yes,"Defective piece, had to return."
Emma,emma695@gmail.com,+13674649931,Phone,Smartwatch,No,"Works perfectly, will buy again."
Bob,bob696@yahoo.com,+17841165846,Shoes,Gaming laptop,No,"Good quality, but delivery was slow."
Bob,bob697@hotmail.com,+17346744098,Shoes,Gaming laptop,Yes,"Works perfectly, will buy again."
Charlie,charlie698@outlook.com,+14937129773,Watch,Smartwatch,No,"Defective piece, had to return."
Bob,bob699@outlook.com,+13200098733,Bag,Gaming laptop,No,Great value for money!
Bob,bob700@yahoo.com,+11959576419,Headphones,Gaming laptop,Yes,"Good quality, but delivery was slow."
Liam,liam701@gmail.com,+18354883364,Bag,Best phone,No,Best purchase ever!
Noah,noah702@hotmail.com,+16835564482,Shoes,Smartwatch,No,"Average quality, expected better."
Noah,noah703@hotmail.com,+18501573977,Shoes,Smartwatch,Yes,Best purchase ever!
Alice,alice704@hotmail.com,+18359769163,Phone,Best phone,No,Best purchase ever!
Liam,liam705@outlook.com,+15759515853,Watch,Smartwatch,No,"Defective piece, had to return."
Liam,liam706@hotmail.com,+11913593068,Shoes,Wireless headphones,No,"Good quality, but delivery was slow."
David,david707@gmail.com,+14817552897,Watch,Wireless headphones,Yes,"Good quality, but delivery was slow."
Charlie,charlie708@hotmail.com,+12554176633,Shoes,Running shoes,No,"Works perfectly, will buy again."
Emma,emma709@outlook.com,+18343614357,Shoes,Gaming laptop,Yes,"Works perfectly, will buy again."
Emma,emma710@outlook.com,+16193438343,Laptop,Wireless headphones,No,Great value for money!
Noah,noah711@hotmail.com,+17889054313,Shoes,Best phone,Yes,"Average quality, expected better."
David,david712@yahoo.com,+12720235649,Headphones,Best phone,No,"Defective piece, had to return."
Liam,liam713@hotmail.com,+13970588722,Headphones,Best phone,No,"Defective piece, had to return."
Noah,noah714@hotmail.com,+17849363691,Watch,Gaming laptop,No,Best purchase ever!
Bob,bob715@outlook.com,+14000748381,Laptop,Smartwatch,Yes,Great value for money!
Bob,bob716@gmail.com,+11001470222,Headphones,Gaming laptop,Yes,"Defective piece, had to return."
Emma,emma717@hotmail.com,+16329075783,Laptop,Gaming laptop,No,Not worth the price.
Charlie,charlie718@outlook.com,+13910203910,Watch,Smartwatch,Yes,"Good quality, but delivery was slow."
Sophia,sophia719@hotmail.com,+13281283022,Shoes,Smartwatch,No,"Works perfectly, will buy again."
Liam,liam720@yahoo.com,+13972911867,Bag,Running shoes,No,"Defective piece, had to return."
Sophia,sophia721@gmail.com,+18168451100,Headphones,Best phone,No,"Defective piece, had to return."
Charlie,charlie722@gmail.com,+13602112372,Headphones,Gaming laptop,Yes,Not worth the price.
David,david723@gmail.com,+11331771054,Phone,Wireless headphones,No,Not worth the price.
David,david724@yahoo.com,+19634520236,Bag,Running shoes,No,"Works perfectly, will buy again."
Sophia,sophia725@gmail.com,+19598344112,Watch,Running shoes,No,"Average quality, expected better."
Emma,emma726@gmail.com,+17390255318,Laptop,Smartwatch,No,"Average quality, expected better."
Charlie,charlie727@hotmail.com,+14535206027,Headphones,Running shoes,No,"Average quality, expected better."
Emma,emma728@outlook.com,+15351209760,Bag,Gaming laptop,No,"Excellent product, highly recommend!"
Liam,liam729@gmail.com,+19915965558,Laptop,Smartwatch,No,"Works perfectly, will buy again."
Bob,bob730@yahoo.com,+11800039151,Laptop,Running shoes,Yes,"Good quality, but delivery was slow."
Alice,alice731@hotmail.com,+16819859799,Bag,Wireless headphones,Yes,Great value for money!
Liam,liam732@outlook.com,+15622074881,Shoes,Gaming laptop,No,"Works perfectly, will buy again."
Alice,alice733@hotmail.com,+18966086515,Laptop,Smartwatch,No,"Defective piece, had to return."
Sophia,sophia734@yahoo.com,+13084588297,Watch,Running shoes,No,Not worth the price.
David,david735@yahoo.com,+14128589726,Laptop,Gaming laptop,Yes,Best purchase ever!
Charlie,charlie736@yahoo.com,+11654307989,Bag,Smartwatch,No,"Works perfectly, will buy again."
David,david737@hotmail.com,+17322238472,Bag,Running shoes,Yes,"Excellent product, highly recommend!"
Charlie,charlie738@yahoo.com,+12535230351,Phone,Wireless headphones,No,"Defective piece, had to return."
Bob,bob739@yahoo.com,+19869173484,Phone,Smartwatch,No,"Good quality, but delivery was slow."
Liam,liam740@gmail.com,+12203879328,Phone,Gaming laptop,No,Best purchase ever!
David,david741@yahoo.com,+18207995115,Headphones,Running shoes,No,"Defective piece, had to return."
Bob,bob742@gmail.com,+12789920241,Headphones,Best phone,No,"Average quality, expected better."
Charlie,charlie743@outlook.com,+17140253252,Watch,Best phone,Yes,"Good quality, but delivery was slow."
Liam,liam744@yahoo.com,+17085848789,Shoes,Running shoes,No,Best purchase ever!
Sophia,sophia745@yahoo.com,+14962556419,Laptop,Smartwatch,Yes,Not worth the price.
Bob,bob746@hotmail.com,+14164485166,Laptop,Gaming laptop,Yes,"Defective piece, had to return."
Noah,noah747@outlook.com,+13574442016,Bag,Running shoes,No,Not worth the price.
Bob,bob748@outlook.com,+15000012667,Phone,Best phone,No,"Good quality, but delivery was slow."
David,david749@outlook.com,+18289599428,Bag,Smartwatch,No,Best purchase ever!
David,david750@outlook.com,+12487816605,Laptop,Gaming laptop,No,Great value for money!
Noah,noah751@gmail.com,+15007326757,Phone,Smartwatch,No,"Excellent product, highly recommend!"
David,david752@outlook.com,+11422848942,Shoes,Running shoes,Yes,Great value for money!
Alice,alice753@outlook.com,+15135603553,Watch,Gaming laptop,Yes,"Good quality, but delivery was slow."
David,david754@outlook.com,+15841943699,Shoes,Wireless headphones,Yes,"Average quality, expected better."
Noah,noah755@outlook.com,+17381903443,Headphones,Wireless headphones,Yes,"Good quality, but delivery was slow."
Noah,noah756@outlook.com,+16612013687,Phone,Running shoes,Yes,Best purchase ever!
Charlie,charlie757@outlook.com,+11355615654,Bag,Gaming laptop,Yes,Not worth the price.
Bob,bob758@gmail.com,+13252731641,Bag,Best phone,Yes,"Excellent product, highly recommend!"
David,david759@outlook.com,+15662403564,Laptop,Gaming laptop,Yes,"Excellent product, highly recommend!"
Noah,noah760@gmail.com,+13689921702,Shoes,Running shoes,Yes,"Works perfectly, will buy again."
Charlie,charlie761@yahoo.com,+13028305187,Watch,Wireless headphones,Yes,"Works perfectly, will buy again."
Charlie,charlie762@hotmail.com,+17523168916,Headphones,Running shoes,Yes,"Defective piece, had to return."
Noah,noah763@outlook.com,+17067316604,Headphones,Wireless headphones,No,"Good quality, but delivery was slow."
Emma,emma764@hotmail.com,+15375917961,Phone,Wireless headphones,No,"Excellent product, highly recommend!"
David,david765@outlook.com,+14388841220,Headphones,Smartwatch,Yes,"Good quality, but delivery was slow."
Bob,bob766@hotmail.com,+13849577613,Laptop,Best phone,No,Great value for money!
Charlie,charlie767@gmail.com,+11948049813,Headphones,Smartwatch,No,"Good quality, but delivery was slow."
Noah,noah768@outlook.com,+19965465331,Headphones,Wireless headphones,Yes,"Defective piece, had to return."
Liam,liam769@gmail.com,+13559873581,Watch,Running shoes,No,"Average quality, expected better."
Noah,noah770@gmail.com,+14173970089,Bag,Gaming laptop,No,Not worth the price.
Charlie,charlie771@gmail.com,+18143365469,Shoes,Wireless headphones,Yes,Not worth the price.
Bob,bob772@hotmail.com,+11409023718,Watch,Wireless headphones,No,"Good quality, but delivery was slow."
Emma,emma773@outlook.com,+16564439098,Watch,Running shoes,No,Not worth the price.
Alice,alice774@outlook.com,+18039606961,Headphones,Wireless headphones,No,"Works perfectly, will buy again."
Charlie,charlie775@hotmail.com,+16823289510,Shoes,Gaming laptop,Yes,"Works perfectly, will buy again."
Emma,emma776@outlook.com,+14879663519,Bag,Gaming laptop,Yes,Great value for money!
Alice,alice777@hotmail.com,+15097128017,Watch,Smartwatch,Yes,"Works perfectly, will buy again."
Alice,alice778@outlook.com,+17677128748,Watch,Best phone,No,"Good quality, but delivery was slow."
Noah,noah779@gmail.com,+18242223970,Laptop,Gaming laptop,No,"Excellent product, highly recommend!"
Alice,alice780@outlook.com,+17210670168,Phone,Best phone,Yes,"Excellent product, highly recommend!"
Sophia,sophia781@outlook.com,+18899517522,Bag,Best phone,Yes,"Excellent product, highly recommend!"
Bob,bob782@yahoo.com,+18128911263,Watch,Smartwatch,No,"Works perfectly, will buy again."
Sophia,sophia783@yahoo.com,+17549607328,Headphones,Wireless headphones,Yes,"Average quality, expected better."
Alice,alice784@gmail.com,+18746753887,Phone,Running shoes,Yes,"Good quality, but delivery was slow."
Alice,alice785@gmail.com,+13959227399,Laptop,Gaming laptop,No,Not worth the price.
Emma,emma786@hotmail.com,+14531079666,Bag,Wireless headphones,Yes,Best purchase ever!
Charlie,charlie787@yahoo.com,+13900339011,Headphones,Smartwatch,Yes,"Average quality, expected better."
David,david788@yahoo.com,+19945605602,Headphones,Wireless headphones,No,"Excellent product, highly recommend!"
David,david789@outlook.com,+14053203204,Shoes,Best phone,No,"Average quality, expected better."
Emma,emma790@outlook.com,+16140345344,Headphones,Wireless headphones,Yes,"Good quality, but delivery was slow."
Liam,liam791@yahoo.com,+19131776989,Bag,Smartwatch,Yes,Best purchase ever!
David,david792@outlook.com,+17967306208,Bag,Gaming laptop,Yes,"Defective piece, had to return."
Charlie,charlie793@yahoo.com,+12465970274,Shoes,Running shoes,Yes,"Good quality, but delivery was slow."
Noah,noah794@yahoo.com,+11350034520,Headphones,Best phone,Yes,"Defective piece, had to return."
Bob,bob795@outlook.com,+14812068355,Watch,Gaming laptop,No,Best purchase ever!
Liam,liam796@hotmail.com,+15287140625,Watch,Best phone,Yes,"Good quality, but delivery was slow."
Noah,noah797@outlook.com,+15696412864,Headphones,Smartwatch,No,"Defective piece, had to return."
Liam,liam798@yahoo.com,+17298899178,Watch,Running shoes,No,"Works perfectly, will buy again."
Alice,alice799@gmail.com,+12938567189,Laptop,Smartwatch,No,Not worth the price.
Alice,alice800@yahoo.com,+14817041478,Phone,Running shoes,Yes,"Good quality, but delivery was slow."
David,david801@outlook.com,+14341553758,Headphones,Wireless headphones,No,Best purchase ever!
Bob,bob802@hotmail.com,+16178700144,Shoes,Running shoes,Yes,"Defective piece, had to return."
David,david803@gmail.com,+11756104176,Bag,Best phone,No,Great value for money!
Bob,bob804@yahoo.com,+19858702220,Headphones,Gaming laptop,No,"Defective piece, had to return."
Liam,liam805@gmail.com,+17583118570,Shoes,Running shoes,No,"Defective piece, had to return."
Sophia,sophia806@gmail.com,+14237937487,Headphones,Smartwatch,Yes,"Works perfectly, will buy again."
Emma,emma807@outlook.com,+14931330023,Phone,Gaming laptop,No,"Defective piece, had to return."
Sophia,sophia808@gmail.com,+18527403214,Laptop,Running shoes,No,Not worth the price.
Emma,emma809@hotmail.com,+19524418427,Watch,Running shoes,No,Best purchase ever!
Emma,emma810@gmail.com,+12484254267,Phone,Wireless headphones,No,Best purchase ever!
David,david811@outlook.com,+19193796112,Shoes,Smartwatch,Yes,"Good quality, but delivery was slow."
Noah,noah812@yahoo.com,+16187120944,Phone,Smartwatch,Yes,"Works perfectly, will buy again."
Alice,alice813@hotmail.com,+19491875408,Phone,Smartwatch,Yes,"Works perfectly, will buy again."
Emma,emma814@hotmail.com,+11670534329,Phone,Best phone,Yes,"Excellent product, highly recommend!"
Noah,noah815@gmail.com,+13136936850,Shoes,Wireless headphones,No,Best purchase ever!
Liam,liam816@hotmail.com,+18347624062,Headphones,Wireless headphones,No,"Defective piece, had to return."
Charlie,charlie817@gmail.com,+16859158531,Bag,Best phone,No,Great value for money!
Bob,bob818@hotmail.com,+14557828996,Headphones,Best phone,Yes,Best purchase ever!
Sophia,sophia819@hotmail.com,+15801647381,Shoes,Running shoes,No,"Works perfectly, will buy again."
Emma,emma820@outlook.com,+11087900361,Bag,Wireless headphones,No,Not worth the price.
Emma,emma821@gmail.com,+13507149867,Bag,Running shoes,Yes,"Works perfectly, will buy again."
Sophia,sophia822@gmail.com,+19701658206,Phone,Smartwatch,Yes,"Defective piece, had to return."
Emma,emma823@hotmail.com,+11318656755,Headphones,Wireless headphones,Yes,Not worth the price.
Bob,bob824@yahoo.com,+17152357702,Headphones,Smartwatch,No,Great value for money!
David,david825@outlook.com,+16125511943,Watch,Smartwatch,Yes,Great value for money!
Sophia,sophia826@yahoo.com,+11326091106,Shoes,Wireless headphones,No,"Defective piece, had to return."
David,david827@outlook.com,+14837792837,Headphones,Gaming laptop,Yes,"Defective piece, had to return."
Emma,emma828@hotmail.com,+12989452026,Bag,Smartwatch,Yes,"Good quality, but delivery was slow."
Sophia,sophia829@gmail.com,+14690420930,Watch,Smartwatch,No,"Defective piece, had to return."
Sophia,sophia830@hotmail.com,+11505379111,Headphones,Running shoes,No,Great value for money!
Noah,noah831@yahoo.com,+15266658508,Bag,Best phone,No,"Works perfectly, will buy again."
Liam,liam832@outlook.com,+15638127869,Phone,Wireless headphones,Yes,"Excellent product, highly recommend!"
Charlie,charlie833@hotmail.com,+14037262300,Headphones,Gaming laptop,No,"Defective piece, had to return."
Liam,liam834@outlook.com,+16296375865,Headphones,Smartwatch,Yes,Great value for money!
David,david835@hotmail.com,+17387165368,Headphones,Smartwatch,No,Best purchase ever!
Bob,bob836@outlook.com,+14414490149,Phone,Best phone,No,"Excellent product, highly recommend!"
Noah,noah837@hotmail.com,+13420074477,Laptop,Gaming laptop,No,Not worth the price.
David,david838@outlook.com,+16312117048,Headphones,Wireless headphones,Yes,Great value for money!
Sophia,sophia839@gmail.com,+17587987667,Shoes,Wireless headphones,No,"Defective piece, had to return."
Bob,bob840@outlook.com,+13944474511,Watch,Running shoes,Yes,"Good quality, but delivery was slow."
Bob,bob841@outlook.com,+11504292117,Phone,Smartwatch,No,"Works perfectly, will buy again."
David,david842@hotmail.com,+11041048457,Phone,Gaming laptop,No,"Excellent product, highly recommend!"
Liam,liam843@gmail.com,+13164097923,Watch,Smartwatch,Yes,"Good quality, but delivery was slow."
David,david844@yahoo.com,+19841693494,Laptop,Running shoes,Yes,Not worth the price.
Alice,alice845@outlook.com,+19604298088,Watch,Best phone,No,Best purchase ever!
Sophia,sophia846@yahoo.com,+18485626329,Headphones,Best phone,Yes,Not worth the price.
Liam,liam847@gmail.com,+15673424585,Phone,Gaming laptop,Yes,"Works perfectly, will buy again."
Charlie,charlie848@yahoo.com,+17673772536,Bag,Best phone,Yes,"Excellent product, highly recommend!"
Liam,liam849@outlook.com,+13825206471,Phone,Best phone,Yes,"Works perfectly, will buy again."
Bob,bob850@outlook.com,+19732627272,Phone,Wireless headphones,No,"Average quality, expected better."
David,david851@hotmail.com,+12845467997,Bag,Smartwatch,Yes,"Average quality, expected better."
Alice,alice852@outlook.com,+15421091891,Shoes,Running shoes,Yes,Not worth the price.
David,david853@gmail.com,+16167058943,Headphones,Running shoes,No,"Excellent product, highly recommend!"
Charlie,charlie854@yahoo.com,+17985545562,Shoes,Gaming laptop,Yes,"Excellent product, highly recommend!"
Charlie,charlie855@hotmail.com,+11054608020,Watch,Wireless headphones,Yes,Not worth the price.
Charlie,charlie856@gmail.com,+14268245428,Bag,Gaming laptop,No,"Good quality, but delivery was slow."
Liam,liam857@gmail.com,+14607534971,Laptop,Wireless headphones,No,Great value for money!
Emma,emma858@yahoo.com,+15872565964,Phone,Best phone,No,Best purchase ever!
Liam,liam859@gmail.com,+11527586143,Bag,Smartwatch,No,"Works perfectly, will buy again."
David,david860@gmail.com,+11025624653,Shoes,Best phone,Yes,"Average quality, expected better."
Liam,liam861@gmail.com,+18610756479,Watch,Best phone,No,Great value for money!
Sophia,sophia862@gmail.com,+17861912277,Watch,Gaming laptop,Yes,"Works perfectly, will buy again."
Liam,liam863@hotmail.com,+19173160680,Headphones,Gaming laptop,No,"Average quality, expected better."
Noah,noah864@hotmail.com,+11632225640,Watch,Best phone,No,"Good quality, but delivery was slow."
Emma,emma865@yahoo.com,+12350812989,Shoes,Smartwatch,No,"Average quality, expected better."
Charlie,charlie866@yahoo.com,+15728422935,Phone,Wireless headphones,No,"Excellent product, highly recommend!"
Bob,bob867@gmail.com,+13834134080,Shoes,Wireless headphones,Yes,"Average quality, expected better."
Alice,alice868@outlook.com,+13371046771,Phone,Running shoes,No,Not worth the price.
Bob,bob869@outlook.com,+12154367410,Bag,Wireless headphones,No,Great value for money!
David,david870@outlook.com,+11606431896,Bag,Gaming laptop,Yes,Not worth the price.
Noah,noah871@outlook.com,+18151617445,Watch,Running shoes,Yes,"Works perfectly, will buy again."
Alice,alice872@outlook.com,+19204918997,Headphones,Smartwatch,Yes,"Excellent product, highly recommend!"
Charlie,charlie873@yahoo.com,+19345648333,Watch,Running shoes,No,Not worth the price.
Sophia,sophia874@outlook.com,+19400936130,Shoes,Running shoes,No,"Defective piece, had to return."
Noah,noah875@yahoo.com,+14673637722,Phone,Wireless headphones,Yes,Not worth the price.
Noah,noah876@yahoo.com,+13087035226,Phone,Smartwatch,Yes,"Works perfectly, will buy again."
Noah,noah877@yahoo.com,+11647898401,Laptop,Best phone,No,"Defective piece, had to return."
Liam,liam878@outlook.com,+13586400656,Headphones,Best phone,Yes,"Defective piece, had to return."
David,david879@outlook.com,+11102340121,Laptop,Best phone,Yes,Best purchase ever!
David,david880@outlook.com,+14687686106,Watch,Best phone,No,"Good quality, but delivery was slow."
Alice,alice881@yahoo.com,+19403135097,Watch,Wireless headphones,No,"Defective piece, had to return."
Charlie,charlie882@yahoo.com,+16696396341,Laptop,Best phone,No,Not worth the price.
Liam,liam883@yahoo.com,+12276101114,Bag,Gaming laptop,Yes,"Average quality, expected better."
Charlie,charlie884@hotmail.com,+18131872962,Headphones,Running shoes,No,"Defective piece, had to return."
Alice,alice885@gmail.com,+13790559031,Shoes,Gaming laptop,No,"Average quality, expected better."
Liam,liam886@gmail.com,+16645348683,Bag,Best phone,No,"Good quality, but delivery was slow."
Emma,emma887@gmail.com,+11408878249,Phone,Running shoes,Yes,"Excellent product, highly recommend!"
Bob,bob888@outlook.com,+18875423547,Shoes,Gaming laptop,Yes,"Average quality, expected better."
David,david889@hotmail.com,+15649844279,Laptop,Smartwatch,No,"Works perfectly, will buy again."
Noah,noah890@hotmail.com,+13249442505,Phone,Wireless headphones,No,"Works perfectly, will buy again."
Liam,liam891@gmail.com,+12620469901,Bag,Wireless headphones,Yes,"Excellent product, highly recommend!"
Charlie,charlie892@hotmail.com,+19007317683,Laptop,Best phone,Yes,"Average quality, expected better."
David,david893@gmail.com,+11082115906,Laptop,Smartwatch,No,"Defective piece, had to return."
Liam,liam894@yahoo.com,+18721808998,Headphones,Smartwatch,No,Best purchase ever!
Emma,emma895@hotmail.com,+19433194133,Shoes,Gaming laptop,No,"Good quality, but delivery was slow."
David,david896@hotmail.com,+17068901045,Bag,Running shoes,Yes,Great value for money!
Charlie,charlie897@yahoo.com,+19171869446,Phone,Best phone,Yes,"Works perfectly, will buy again."
Bob,bob898@yahoo.com,+12596920292,Phone,Smartwatch,No,"Average quality, expected better."
David,david899@hotmail.com,+15544152647,Bag,Gaming laptop,No,"Works perfectly, will buy again."
David,david900@outlook.com,+16479305007,Watch,Smartwatch,Yes,Great value for money!
Bob,bob901@gmail.com,+14894731921,Phone,Wireless headphones,Yes,Best purchase ever!
Sophia,sophia902@outlook.com,+14610332939,Watch,Running shoes,Yes,Great value for money!
Emma,emma903@hotmail.com,+19529067116,Phone,Smartwatch,No,"Good quality, but delivery was slow."
Charlie,charlie904@gmail.com,+19188603890,Phone,Wireless headphones,Yes,Great value for money!
Liam,liam905@hotmail.com,+16275678204,Watch,Running shoes,Yes,"Good quality, but delivery was slow."
David,david906@yahoo.com,+14550432044,Phone,Gaming laptop,Yes,"Defective piece, had to return."
Sophia,sophia907@yahoo.com,+13376069676,Shoes,Best phone,No,Best purchase ever!
Sophia,sophia908@gmail.com,+17383882755,Shoes,Running shoes,No,"Defective piece, had to return."
Emma,emma909@hotmail.com,+12515449651,Watch,Running shoes,No,Best purchase ever!
Sophia,sophia910@gmail.com,+15700217046,Phone,Gaming laptop,Yes,Great value for money!
Noah,noah911@yahoo.com,+16978142402,Watch,Wireless headphones,No,"Good quality, but delivery was slow."
Liam,liam912@hotmail.com,+12441971250,Headphones,Wireless headphones,No,"Works perfectly, will buy again."
Alice,alice913@outlook.com,+17347468767,Bag,Best phone,Yes,Great value for money!
David,david914@hotmail.com,+14580791190,Phone,Wireless headphones,No,Best purchase ever!
Sophia,sophia915@hotmail.com,+17892883567,Phone,Gaming laptop,Yes,Not worth the price.
Sophia,sophia916@gmail.com,+12891562737,Shoes,Wireless headphones,No,"Works perfectly, will buy again."
Noah,noah917@hotmail.com,+18777957140,Phone,Running shoes,Yes,Great value for money!
Charlie,charlie918@yahoo.com,+14799495778,Laptop,Wireless headphones,Yes,"Works perfectly, will buy again."
Bob,bob919@outlook.com,+19724613588,Shoes,Wireless headphones,Yes,Great value for money!
David,david920@yahoo.com,+12027037054,Phone,Gaming laptop,No,"Average quality, expected better."
Bob,bob921@yahoo.com,+12130720773,Shoes,Smartwatch,Yes,"Good quality, but delivery was slow."
David,david922@outlook.com,+12257942678,Bag,Smartwatch,No,"Average quality, expected better."
Liam,liam923@outlook.com,+13406138043,Shoes,Running shoes,Yes,"Average quality, expected better."
David,david924@gmail.com,+12363488098,Phone,Best phone,No,"Good quality, but delivery was slow."
Alice,alice925@outlook.com,+13429615106,Bag,Gaming laptop,Yes,"Good quality, but delivery was slow."
Bob,bob926@gmail.com,+13260964343,Bag,Smartwatch,No,Great value for money!
Sophia,sophia927@yahoo.com,+16839544974,Headphones,Best phone,No,"Average quality, expected better."
Charlie,charlie928@hotmail.com,+17623227398,Phone,Best phone,Yes,"Average quality, expected better."
Bob,bob929@yahoo.com,+13327690861,Laptop,Best phone,No,"Excellent product, highly recommend!"
David,david930@gmail.com,+16731756154,Headphones,Best phone,No,"Works perfectly, will buy again."
Noah,noah931@outlook.com,+16589863885,Bag,Best phone,Yes,"Works perfectly, will buy again."
Sophia,sophia932@outlook.com,+18193138722,Headphones,Running shoes,No,Best purchase ever!
Sophia,sophia933@outlook.com,+17128815187,Phone,Best phone,No,"Works perfectly, will buy again."
Noah,noah934@gmail.com,+17906446534,Bag,Smartwatch,Yes,"Works perfectly, will buy again."
Emma,emma935@hotmail.com,+11591081096,Phone,Wireless headphones,No,Not worth the price.
Liam,liam936@hotmail.com,+11321304102,Laptop,Gaming laptop,Yes,Not worth the price.
Noah,noah937@yahoo.com,+15177800938,Laptop,Wireless headphones,No,"Good quality, but delivery was slow."
Sophia,sophia938@yahoo.com,+12850759791,Laptop,Smartwatch,Yes,"Excellent product, highly recommend!"
Alice,alice939@yahoo.com,+13599662310,Bag,Best phone,Yes,"Excellent product, highly recommend!"
Emma,emma940@yahoo.com,+16161133588,Bag,Gaming laptop,No,"Defective piece, had to return."
Alice,alice941@gmail.com,+19222830051,Headphones,Running shoes,Yes,"Good quality, but delivery was slow."
David,david942@hotmail.com,+19158344441,Shoes,Gaming laptop,Yes,"Good quality, but delivery was slow."
Noah,noah943@gmail.com,+17655335575,Headphones,Smartwatch,Yes,"Average quality, expected better."
David,david944@outlook.com,+13559087090,Watch,Smartwatch,No,"Excellent product, highly recommend!"
David,david945@hotmail.com,+16759644788,Bag,Gaming laptop,No,Great value for money!
David,david946@gmail.com,+19480298107,Phone,Best phone,No,Great value for money!
Emma,emma947@yahoo.com,+16856660720,Bag,Gaming laptop,Yes,"Average quality, expected better."
Charlie,charlie948@yahoo.com,+18258805573,Bag,Wireless headphones,No,Not worth the price.
Alice,alice949@hotmail.com,+13280323370,Bag,Best phone,No,"Good quality, but delivery was slow."
Sophia,sophia950@gmail.com,+17971089654,Shoes,Wireless headphones,No,"Average quality, expected better."
Alice,alice951@outlook.com,+15681109059,Phone,Smartwatch,Yes,"Defective piece, had to return."
Charlie,charlie952@yahoo.com,+12179622472,Bag,Smartwatch,No,"Excellent product, highly recommend!"
Liam,liam953@yahoo.com,+19018955812,Phone,Wireless headphones,Yes,Great value for money!
Noah,noah954@yahoo.com,+17425404318,Shoes,Best phone,No,"Works perfectly, will buy again."
Alice,alice955@hotmail.com,+17027676118,Headphones,Gaming laptop,No,"Defective piece, had to return."
David,david956@hotmail.com,+12404216317,Laptop,Wireless headphones,Yes,Best purchase ever!
Bob,bob957@gmail.com,+17523265960,Headphones,Running shoes,No,Not worth the price.
Noah,noah958@yahoo.com,+12005663067,Watch,Running shoes,Yes,"Excellent product, highly recommend!"
Alice,alice959@outlook.com,+18449293167,Watch,Running shoes,No,"Defective piece, had to return."
Sophia,sophia960@hotmail.com,+19242774352,Headphones,Running shoes,No,"Average quality, expected better."
David,david961@yahoo.com,+14878466268,Bag,Running shoes,Yes,"Defective piece, had to return."
Charlie,charlie962@hotmail.com,+18113782909,Laptop,Best phone,No,"Good quality, but delivery was slow."
David,david963@hotmail.com,+11113399986,Headphones,Smartwatch,Yes,Great value for money!
Sophia,sophia964@gmail.com,+18484957731,Bag,Gaming laptop,No,"Defective piece, had to return."
Bob,bob965@hotmail.com,+18457631289,Shoes,Smartwatch,Yes,"Defective piece, had to return."
Liam,liam966@gmail.com,+17429085631,Phone,Gaming laptop,Yes,"Good quality, but delivery was slow."
Sophia,sophia967@gmail.com,+17627197933,Watch,Wireless headphones,No,Best purchase ever!
Noah,noah968@gmail.com,+15312212956,Laptop,Best phone,Yes,"Works perfectly, will buy again."
Noah,noah969@gmail.com,+12943570372,Phone,Running shoes,No,"Defective piece, had to return."
Emma,emma970@yahoo.com,+16061947523,Watch,Best phone,Yes,"Average quality, expected better."
David,david971@yahoo.com,+18258157895,Watch,Smartwatch,Yes,Not worth the price.
Noah,noah972@yahoo.com,+17210155862,Phone,Gaming laptop,No,"Works perfectly, will buy again."
David,david973@yahoo.com,+18324667094,Headphones,Wireless headphones,No,"Works perfectly, will buy again."
Sophia,sophia974@gmail.com,+19559902996,Bag,Gaming laptop,Yes,Best purchase ever!
Emma,emma975@yahoo.com,+13660851665,Bag,Wireless headphones,Yes,"Excellent product, highly recommend!"
Alice,alice976@gmail.com,+12428372061,Phone,Best phone,No,"Good quality, but delivery was slow."
Emma,emma977@yahoo.com,+14363472466,Phone,Running shoes,No,"Works perfectly, will buy again."
Charlie,charlie978@hotmail.com,+15813722961,Headphones,Smartwatch,Yes,"Works perfectly, will buy again."
Liam,liam979@outlook.com,+18666110253,Laptop,Smartwatch,Yes,"Defective piece, had to return."
David,david980@gmail.com,+15580369355,Headphones,Wireless headphones,Yes,"Works perfectly, will buy again."
Liam,liam981@yahoo.com,+19173067983,Phone,Running shoes,No,Great value for money!
Charlie,charlie982@outlook.com,+17110075174,Laptop,Wireless headphones,No,"Excellent product, highly recommend!"
Emma,emma983@hotmail.com,+14588289836,Phone,Best phone,Yes,"Defective piece, had to return."
Alice,alice984@outlook.com,+16772497159,Laptop,Wireless headphones,No,Great value for money!
Charlie,charlie985@gmail.com,+18925445228,Shoes,Wireless headphones,Yes,"Good quality, but delivery was slow."
Sophia,sophia986@yahoo.com,+16610561998,Laptop,Smartwatch,Yes,"Average quality, expected better."
Liam,liam987@gmail.com,+17953638840,Watch,Best phone,No,Best purchase ever!
Alice,alice988@hotmail.com,+15701152988,Headphones,Gaming laptop,No,"Good quality, but delivery was slow."
Charlie,charlie989@outlook.com,+16603245106,Headphones,Wireless headphones,Yes,Not worth the price.
Sophia,sophia990@yahoo.com,+19285235814,Bag,Wireless headphones,Yes,"Defective piece, had to return."
Liam,liam991@gmail.com,+17848427416,Watch,Best phone,No,Not worth the price.
Sophia,sophia992@outlook.com,+14056048030,Bag,Gaming laptop,No,"Good quality, but delivery was slow."
Sophia,sophia993@gmail.com,+14343808082,Watch,Best phone,Yes,Not worth the price.
Noah,noah994@gmail.com,+15250358646,Shoes,Best phone,Yes,"Average quality, expected better."
Charlie,charlie995@hotmail.com,+19649205258,Bag,Best phone,Yes,"Excellent product, highly recommend!"
Charlie,charlie996@hotmail.com,+18076657384,Watch,Wireless headphones,Yes,"Works perfectly, will buy again."
Bob,bob997@gmail.com,+17313935122,Bag,Wireless headphones,Yes,Great value for money!
Charlie,charlie998@yahoo.com,+17460519803,Shoes,Gaming laptop,Yes,"Works perfectly, will buy again."
Emma,emma999@outlook.com,+11592894105,Laptop,Wireless headphones,No,"Excellent product, highly recommend!"
Charlie,charlie1000@gmail.com,+13900958702,Shoes,Gaming laptop,Yes,"Average quality, expected better."
